complexity,drug_pubchem_id,exact_mass,hba,hbd,heavy_atoms,molecular_formula,mw_freebase,mw_monoisotopic,smiles,tpsa
1810,11954269,957.581,3,14,68,C53H83NO14,958.24,957.581,CC1CCC2CC(C(=CC=CC=CC(CC(C(=O)C(C(C(=CC(C(=O)CC(OC(=O)C3CCCCN3C(=O)C(=O)C1(O2)O)C(C)CC4CCC(C(C4)OCCO)OC)C)C)O)OC)C)C)C)OC,205.0
126,11954225,367.939,1,5,11,C4H4AuNaO4S,368.088,367.939,[H+].C(C(C(=O)[O-])[S-])C(=O)[O-].[Na+].[Au+],81.3
731,9574101,473.264,4,7,34,C24H35N5O5,473.574,473.264,CCOC(=O)CNC(C1CCCCC1)C(=O)N2CCC2C(=O)NCC3=CC=C(C=C3)C(=NO)N,146.0
249,9567831,246.008,3,3,15,C8H8Cl2N4O,247.079,246.008,C1=CC(=C(C(=C1)Cl)C=NN=C(N)NO)Cl,83.0
538,6918453,678.133,0,10,32,C20H34AuO9PS,678.483,678.133,CCP(CC)CC.CC(=O)OCC1C(C(C(C(O1)[S-])OC(=O)C)OC(=O)C)OC(=O)C.[Au+],115.0
480,6335486,706.902,5,14,30,C12H13BiK3O14,707.497,706.902,C(C(=O)O)C(CC(=O)[O-])(C(=O)O)O.C(C(=O)O)C(CC(=O)[O-])(C(=O)O)[O-].[K].[K].[K].[Bi+3],273.0
432,5487301,301.19,4,4,22,C16H23N5O,301.394,301.19,CCCCCN=C(N)NNC=C1C=NC2=C1C=C(C=C2)CO,95.0
124,5478817,171.946,2,4,9,C4H4FeO4,171.917,171.946,C(=CC(=O)O)C(=O)O.[Fe],74.6
265,5473386,152.016,1,2,10,C5H4N4S,152.175,152.016,C1=NC(=S)C2C(=NC=N2)N1,81.2
561,5361323,334.088,2,4,23,C17H16ClFN2O2,334.775,334.088,C1=CC(=CC=C1C(=C2C=C(C=CC2=O)F)NCCCC(=O)N)Cl,72.2
804,5353980,398.068,3,9,28,C18H14N4O5S,398.393,398.068,C1=CC=NC(=C1)NS(=O)(=O)C2=CC=C(C=C2)NN=C3C=CC(=O)C(=C3)C(=O)O,146.0
766,5312153,465.182,3,7,32,C23H31NO7S,465.561,465.182,CS(=O)(=O)NC(=O)CCCC=CCC1C(C(CC1=O)O)C=CC(COC2=CC=CC=C2)O,138.0
639,5311297,473.158,2,3,33,C29H28ClNOS,474.059,473.158,CC(C)(C1=CC=CC=C1CCC(C2=CC=CC(=C2)C=CC3=NC4=C(C=CC(=C4)Cl)C=C3)S)O,34.1
606,5311181,360.23,3,4,26,C22H32O4,360.494,360.23,CC#CCC(C)C(C=CC1C(CC2C1CC(=CCCCC(=O)O)C2)O)O,77.8
1550,5311082,814.289,8,12,56,C35H46N10O9S2,814.934,814.289,C1CC2C(=O)NC3CSSCCC(=O)N(C3=O)C(C(=O)NCC(=O)NC(C(=O)NC(C(=O)N2C1)CC4=CNC5=CC=CC=C54)CC(=O)O)CCCCN=C(N)N,342.0
162,5310993,154.038,1,4,11,C6H6N2O3,154.125,154.038,CC1=CN=C(C=[N+]1[O-])C(=O)O,75.6
1510,5282405,666.393,2,4,50,C44H50N4O2+2,666.91,666.393,C=CC[N+]12CCC34C1CC(C(=CCO)C2)C5=CN6C7C(=CN(C53)C8=CC=CC=C48)C9CC1C7(CC[N+]1(CC9=CCO)CC=C)C1=CC=CC=C16,46.9
634,5282204,370.98,2,8,23,C13H10ClN3O4S2,371.81,370.98,CN1C(=C(NC2=CC=CC=N2)O)C(=O)C3=C(S1(=O)=O)C=C(S3)Cl,136.0
462,5281612,300.063,3,6,22,C16H12O6,300.266,300.063,COC1=C(C=C(C=C1)C2=CC(=O)C3=C(C=C(C=C3O2)O)O)O,96.2
302,5281007,182.092,2,4,13,C6H10N6O,182.187,182.092,CN(C)NN=C1C(=NC=N1)C(=O)N,95.4
257,5280567,176.047,1,3,13,C10H8O3,176.171,176.047,CC1=CC(=O)OC2=C1C=CC(=C2)O,46.5
1030,5230731,630.345,5,7,44,C33H50N4O6S,630.845,630.345,CC(C)(C)S(=O)(=O)CC(CC1=CC=CC=C1)C(=O)NC(CC2=CN=CN2)C(=O)NC(CC3CCCCC3)C(C(C4CC4)O)O,170.0
372,4659569,273.064,2,5,20,C14H11NO5,273.244,273.064,CC1=CC=C(C=C1)C(=O)C2=CC(=C(C(=C2)O)O)[N+](=O)[O-],103.0
500,4659568,305.101,2,6,22,C14H15N3O5,305.29,305.101,CCN(CC)C(=O)C(=CC1=CC(=C(C(=C1)O)O)[N+](=O)[O-])C#N,130.0
3150,4479097,1346.575,10,20,92,C62H90CoN13O15P-2,1347.385,1346.575,CC1=CC2=C(C=C1C)N(C=N2)C3C(C(C(O3)CO)OP(=O)([O-])OC(C)CNC(=O)CCC4(C(C5C6(C(C(C(=N6)C(=C7C(C(C(=N7)C=C8C(C(C(=N8)C(=C4[N-]5)C)CCC(=O)N)(C)C)CCC(=O)N)(C)CC(=O)N)C)CCC(=O)N)(C)CC(=O)N)C)CC(=O)N)C)O.O.[Co],453.0
726,4475485,483.184,3,10,33,C22H30FN3O6S,483.555,483.184,CC(C)C1=NC(=NC(=C1CCC(CC(CC(=O)O)O)O)C2=CC=C(C=C2)F)N(C)S(=O)(=O)C,149.0
515,4210613,309.184,2,2,23,C19H23N3O,309.413,309.184,CC(C)NC(=O)C1CN(C2CC3=CNC4=CC=CC(=C34)C2=C1)C,48.1
487,4183806,382.272,2,5,27,C22H38O5,382.541,382.272,CCCCC(C)(CC=CC1C(CC(=O)C1CCCCCCC(=O)OC)O)O,83.8
318,3033226,289.077,2,4,20,C15H15NO3S,289.349,289.077,C1=CC=C(C=C1)C(C2=CC=CC=C2)S(=O)CC(=O)NO,85.6
225,2723601,167.027,3,2,11,C5H5N5S,167.19,167.027,C1=NC2=C(N1)C(=S)N=C(N2)N,111.0
119,1349907,114.025,1,1,7,C4H6N2S,114.166,114.025,CN1C=CNC1=S,47.4
306,685814,218.051,2,2,15,C11H10N2OS,218.274,218.051,C1=CC=C(C=C1)CC2=CC(=O)NC(=S)N2,73.2
190,667490,152.016,2,2,10,C5H4N4S,152.175,152.016,C1=NC2=C(N1)C(=S)N=CN2,85.2
487,657319,348.122,2,5,26,C19H16N4O3,348.362,348.122,COC1=C(C=C(C=C1)C(=O)NC2=CN=CC=C2)C(=O)NC3=CN=CC=C3,93.2
223,657298,170.051,2,2,11,C7H10N2OS,170.23,170.051,CCCC1=CC(=O)NC(=S)N1,73.2
228,469186,139.063,1,3,10,C7H9NO2,139.154,139.063,CC1=C(N(C=CC1=O)C)O,40.5
1100,444033,540.309,1,7,39,C32H44O7,540.697,540.309,CC(C)C(=O)OCC(=O)C12C(CC3C1(CC(C4C3CCC5=CC(=O)C=CC45C)O)C)OC(O2)C6CCCCC6,99.1
3740,424379,1579.666,13,27,109,C72H101CoN18O17P,1580.616,1579.666,CC1=CC2=C(C=C1C)N(C=N2)C3C(C(C(O3)CO)OP(=O)(O)OC(C)CNC(=O)CCC4(C(C5C6(C(C(C(=N6)C(=C7C(C(C(=N7)C=C8C(C(C(=N8)C(=C4[N-]5)C)CCC(=O)N)(C)C)CCC(=O)N)(C)CC(=O)N)C)CCC(=O)N)(C)CC(=O)N)C)CC(=O)N)C)O.[CH2-]C1C(C(C(O1)N2C=NC3=C2N=CN=C3N)O)O.[Co+2],568.0
509,411697,299.152,0,4,22,C18H21NO3,299.37,299.152,CN1CCC23C4C1CC5=C2C(=C(C=C5)OC)OC3C(=O)CC4,38.8
1970,365716,1097.483,15,14,77,C54H71N11O10S2,1098.349,1097.483,CC(C)C(C(=O)NC(CS)C(=O)NC(C(C)O)C(=O)N)NC(=O)C(CCCCN)NC(=O)C(CC1=CNC2=CC=CC=C21)NC(=O)C(CC3=CC=C(C=C3)O)NC(=O)C(CS)NC(=O)C(CC4=CC5=CC=CC=C5C=C4)N,357.0
671,183797,429.238,5,6,31,C22H31N5O4,429.521,429.238,C1CCC(CC1)C(C(=O)N2CCC2C(=O)NCC3=CC=C(C=C3)C(=N)N)NCC(=O)O,149.0
3450,163742,1506.951,19,52,91,C31H53N3O49S8,1508.217,1506.951,COC1C(C(C(C(O1)COS(=O)(=O)O)OC2C(C(C(C(O2)C(=O)O)OC3C(C(C(C(O3)COS(=O)(=O)O)OC4C(C(C(C(O4)C(=O)O)OC5C(C(C(C(O5)COS(=O)(=O)O)O)O)NS(=O)(=O)O)O)O)OS(=O)(=O)O)NS(=O)(=O)O)O)OS(=O)(=O)O)O)NS(=O)(=O)O,873.0
301,160051,616.438,4,5,39,C31H67Cl3N4O,618.254,616.438,CCCCCCCCCCNCC=C.C[N+](C)(C)CCCCCCNCC=C.C=CCN.C1C(O1)CCl.Cl.[Cl-],62.6
358,155774,339.179,4,6,24,C16H25N3O5,339.392,339.179,C1COCCN1C(=O)NCCNCC(COC2=CC=C(C=C2)O)O,103.0
342,151166,293.062,2,4,20,C15H13ClFNO2,293.722,293.062,CC1=CC(=C(C=C1)NC2=C(C=CC=C2Cl)F)CC(=O)O,49.3
810,151165,534.15,2,11,37,C23H21F7N4O3,534.435,534.15,CC(C1=CC(=CC(=C1)C(F)(F)F)C(F)(F)F)OC2C(N(CCO2)CC3=NC(=O)NN3)C4=CC=C(C=C4)F,75.2
567,150311,409.149,2,5,30,C24H21F2NO3,409.433,409.149,C1=CC(=CC=C1C2C(C(=O)N2C3=CC=C(C=C3)F)CCC(C4=CC=C(C=C4)F)O)O,60.8
907,150310,414.204,0,6,30,C24H30O6,414.498,414.204,CC12CCC(=O)C=C1CC(C3C24C(O4)CC5(C3CCC56CCC(=O)O6)C)C(=O)OC,82.2
541,128919,381.17,0,4,28,C24H22F3N,381.442,381.17,C1CN(CC=C1C2=CC(=CC=C2)C(F)(F)F)CCC3=CC4=CC=CC=C4C=C3,3.2
425,124087,310.124,1,2,22,C19H19ClN2,310.825,310.124,C1CC2=C(C=CC(=C2)Cl)C(=C3CCNCC3)C4=C1C=CC=N4,24.9
545,123631,446.152,1,8,31,C22H24ClFN4O3,446.907,446.152,COC1=C(C=C2C(=C1)N=CN=C2NC3=CC(=C(C=C3)F)Cl)OCCCN4CCOCC4,68.7
514,123619,358.054,0,4,24,C18H15ClN2O2S,358.84,358.054,CC1=NC=C(C=C1)C2=NC=C(C=C2C3=CC=C(C=C3)S(=O)(=O)C)Cl,68.3
212,122316,171.105,1,1,13,C12H13N,171.243,171.105,C#CCNC1CCC2=CC=CC=C12,12.0
414,122197,431.076,0,4,23,C18H23FINO2,431.29,431.076,COC(=O)C1C2CCC(N2CCCF)CC1C3=CC=C(C=C3)I,29.5
462,119607,314.073,1,5,22,C16H14N2O3S,314.359,314.073,CC1=C(C(=NO1)C2=CC=CC=C2)C3=CC=C(C=C3)S(=O)(=O)N,94.6
524,115355,329.051,0,8,23,C14H10F3NO5,329.231,329.051,C1CC(=O)C(C(=O)C1)C(=O)C2=C(C=C(C=C2)C(F)(F)F)[N+](=O)[O-],97.0
212,115056,186.126,2,3,13,C10H18O3,186.251,186.126,CC1(C2CC(C(O1)(C(C2)O)C)O)C,49.7
702,110635,389.138,1,4,29,C22H19N3O4,389.411,389.138,CN1CC(=O)N2C(C1=O)CC3=C(C2C4=CC5=C(C=C4)OCO5)NC6=CC=CC=C36,74.9
1560,108057,822.44,5,15,58,C43H66O15,822.986,822.44,CC1C(C(CC(O1)OC2CCC3(C(C2)CCC4C3CC(C5(C4(CCC5C6=CC(=O)OC6)O)C)O)C)O)OC7CC(C(C(O7)C)OC8CC(C(C(O8)C)OC(=O)C)O)O,209.0
839,104865,551.184,2,11,39,C27H29N5O6S,551.618,551.184,CC(C)(C)C1=CC=C(C=C1)S(=O)(=O)NC2=C(C(=NC(=N2)C3=NC=CC=N3)OCCO)OC4=CC=CC=C4OC,154.0
334,104799,315.075,1,6,19,C9H19ClN3O5P,315.691,315.075,CCOP(=O)(C(C)NC(=O)N(CCCl)N=O)OCC,97.3
854,104741,606.317,2,9,41,C32H47F5O3S,606.777,606.317,CC12CCC3C(C1CCC2O)C(CC4=C3C=CC(=C4)O)CCCCCCCCCS(=O)CCCC(C(F)(F)F)(F)F,76.7
305,100788,260.047,4,7,17,C9H12N2O5S,260.264,260.047,C1=C(N=C(S1)C2C(C(C(O2)CO)O)O)C(=O)N,154.0
500,93860,384.197,4,6,28,C19H25BN4O4,384.243,384.197,B(C(CC(C)C)NC(=O)C(CC1=CC=CC=C1)NC(=O)C2=NC=CN=C2)(O)O,124.0
587,92400,429.107,1,6,29,C22H23NO4S2,429.549,429.107,CC(CSC(=O)C1=CC=CC=C1)C(=O)N2CC(CC2C(=O)O)SC3=CC=CC=C3,125.0
650,91736,466.16,2,8,31,C22H30N2O5S2,466.611,466.16,CCOC(=O)C(CCC1=CC=CC=C1)NC(C)C(=O)N2CC3(CC2C(=O)O)SCCS3,147.0
319,91276,306.194,2,4,22,C17H26N2O3,306.406,306.194,C1CCN(CC1)CC2=CC(=CC=C2)OCCCNC(=O)CO,61.8
742,91270,498.237,2,8,36,C27H34N2O7,498.576,498.237,CCOC(=O)C(CCC1=CC=CC=C1)NC(C)C(=O)N2CC3=CC(=C(C=C3CC2C(=O)O)OC)OC,114.0
190,83786,136.039,2,2,10,C5H4N4O,136.114,136.039,C1=NNC2=C1NC=NC2=O,70.1
469,77999,357.115,1,6,25,C18H19N3O3S,357.428,357.115,CN(CCOC1=CC=C(C=C1)CC2C(=O)NC(=O)S2)C3=CC=CC=N3,96.8
582,77993,382.171,1,3,27,C22H26N2O2S,382.522,382.171,CN1CCCC1CC2=CNC3=C2C=C(C=C3)CCS(=O)(=O)C4=CC=CC=C4,61.6
772,72145,500.216,1,10,36,C26H32N2O8,500.548,500.216,CCOC1=C(C(=C(C2=C1C(OC2=O)C3C4=C(C5=C(C=C4CCN3C)OCO5)OC)N)OCC)OCC,111.0
2380,72081,1226.496,16,19,85,C52H74N16O15S2,1227.381,1226.496,C1CC(N(C1)C(=O)C2CSSCC(C(=O)NC(C(=O)NC(C(=O)NC(C(=O)NC(C(=O)N2)CC(=O)N)CCC(=O)N)CC3=CC=CC=C3)CC4=CC=C(C=C4)O)NC(=O)CNC(=O)CNC(=O)CN)C(=O)NC(CCCCN)C(=O)NCC(=O)N,563.0
434,71919,356.201,1,5,26,C20H25FN4O,356.445,356.201,CC(CCN1CCN(CC1)C2=CC=C(C=C2)F)NC(=O)C3=CN=CC=C3,48.5
1870,71715,987.485,10,13,69,C45H69N11O12S,988.172,987.485,CCC(C)C1C(=O)NC(C(=O)NC(C(=O)NC(CSCCCC(=O)N(C(C(=O)N1)CC2=CC=C(C=C2)O)C)C(=O)N3CCCC3C(=O)NC(CC(C)C)C(=O)NCC(=O)N)CC(=O)N)CCC(=O)N,390.0
353,71637,321.209,0,2,24,C22H27NO,321.464,321.209,CCN1C2CCC1CC(C2)OC(C3=CC=CC=C3)C4=CC=CC=C4,12.5
138,71472,179.131,1,2,13,C11H17NO,179.263,179.131,CCC(C1=CC=CC=C1OC)NC,21.3
204,71388,280.204,1,3,20,C17H28O3,280.408,280.204,CC(C)(C)CC(C)(C)C1=CC=C(C=C1)O.C=O.C1CO1,49.8
672,71329,441.139,2,8,29,C19H27N3O5S2,441.561,441.139,CN(CCC1=CC=C(C=C1)NS(=O)(=O)C)CCOC2=CC=C(C=C2)NS(=O)(=O)C,122.0
483,71301,405.175,3,7,29,C22H25F2NO4,405.442,405.175,C1CC2=C(C=CC(=C2)F)OC1C(CNCC(C3CCC4=C(O3)C=CC(=C4)F)O)O,71.0
308,71273,274.205,1,2,20,C17H26N2O,274.408,274.205,CCCN1CCCCC1C(=O)NC2=C(C=CC=C2C)C,32.3
215,71158,181.041,2,4,11,C5H11NO4S,181.206,181.041,CC(=O)NCCCS(=O)(=O)O,91.8
569,68930,332.235,1,3,24,C21H32O3,332.484,332.235,CC(=O)C1CCC2C1(CC(=O)C3C2CCC4C3(CCC(C4)O)C)C,54.4
561,68876,395.15,0,6,27,C20H26ClNO5,395.88,395.15,CCN(CC)CCC1=C(C2=C(C(=C(C=C2)OCC(=O)OCC)Cl)OC1=O)C,65.1
598,68844,383.064,2,9,23,C12H21N3O5S3,383.496,383.064,CCNC1CN(S(=O)(=O)C2=C1C=C(S2)S(=O)(=O)N)CCCOC,164.0
673,68783,328.204,1,3,24,C21H28O3,328.452,328.204,CC1=CC2C(CCC3(C2CCC3(C(=O)C)O)C)C4C1=CC(=O)CC4,54.4
313,68778,293.214,0,1,22,C21H27N,293.454,293.214,CC(C)(C)N1CCC(CC1)(C2=CC=CC=C2)C3=CC=CC=C3,3.2
411,68770,363.252,4,4,26,C20H33N3O3,363.502,363.252,CC(C)(C)NCC(COC1=CC=C(C=C1)NC(=O)NC2CCCCC2)O,82.6
327,68740,271.996,5,8,16,C5H10N2O7P2,272.09,271.996,C1=CN(C=N1)CC(O)(P(=O)(O)O)P(=O)(O)O,153.0
805,68733,455.231,1,7,33,C26H33NO6,455.551,455.231,CCOC(=O)C1=C(NC(=C(C1C2=CC=CC=C2C=CC(=O)OC(C)(C)C)C(=O)OCC)C)C,90.9
219,68712,180.126,1,2,13,C10H16N2O,180.251,180.126,C1CC1C(C2CC2)NC3=NCCO3,33.6
1770,68613,993.441,11,15,68,C43H67N11O12S2,994.194,993.441,CCC(C)C1C(=O)NC(C(=O)NC(C(=O)NC(CSSCCC(=O)NC(C(=O)N1)CC2=CC=C(C=C2)OCC)C(=O)N3CCCC3C(=O)NC(CCCN)C(=O)NCC(=O)N)CC(=O)N)C(C)O,416.0
368,68555,307.178,1,5,22,C17H25NO4,307.39,307.178,CC(C)C(=O)OC1=C(C=C(C=C1)CCNC)OC(=O)C(C)C,64.6
362,67425,423.346,0,6,30,C24H45N3O3,423.642,423.346,CCN(CC)CCOC1=C(C(=CC=C1)OCCN(CC)CC)OCCN(CC)CC,37.4
551,66408,326.188,2,3,24,C21H26O3,326.436,326.188,CC12CC(C3C(C1CCC2(C#C)O)CCC4=C3C=CC(=C4)O)OC,49.7
1100,66249,530.278,2,6,39,C32H38N2O5,530.665,530.278,CC1CC2C3C=C(C4=CC5=C(CC4(C3C(CC2(C1(C(=O)COC(=O)C)O)C)O)C)C=NN5C6=CC=CC=C6)C,102.0
831,65999,514.237,1,4,39,C33H30N4O2,514.629,514.237,CCCC1=NC2=C(C=C(C=C2N1CC3=CC=C(C=C3)C4=CC=CC=C4C(=O)O)C5=NC6=CC=CC=C6N5C)C,72.9
728,65906,432.207,1,5,32,C24H25FN6O,432.503,432.207,CN(C1CCN(CC1)C2=NC3=CC=CC=C3N2CC4=CC=C(C=C4)F)C5=NC=CC(=O)N5,65.8
1090,65866,611.3,1,8,45,C36H41N3O6,611.739,611.3,CC1=C(C(C(=C(N1)C)C(=O)OC(C)(C)CN(C)CCC(C2=CC=CC=C2)C3=CC=CC=C3)C4=CC(=CC=C4)[N+](=O)[O-])C(=O)OC,114.0
333,65856,313.168,1,4,23,C19H23NO3,313.397,313.168,CCOC1=CC=CC=C1OC(C2CNCCO2)C3=CC=CC=C3,39.7
295,65833,246.173,1,2,18,C15H22N2O,246.354,246.173,CCN(CC)C(=O)C1(CC1CN)C2=CC=CC=C2,46.3
449,65777,363.087,0,6,25,C18H18ClNO5,363.794,363.087,CC(C)(C(=O)OCCOC(=O)C1=CN=CC=C1)OC2=CC=C(C=C2)Cl,74.7
282,65632,249.013,2,6,15,C8H11NO4S2,249.299,249.013,C1CSC(=O)C1NC(=O)CSCC(=O)O,134.0
582,60953,359.149,3,7,25,C15H22FN3O6,359.354,359.149,CCCCCOC(=O)NC1=NC(=O)N(C=C1F)C2C(C(C(O2)C)O)O,121.0
618,60879,424.146,2,6,30,C23H24N2O4S,424.515,424.146,CCCCC1=NC=C(N1CC2=CC=C(C=C2)C(=O)O)C=C(CC3=CC=CS3)C(=O)O,121.0
549,60867,280.107,2,6,21,C14H12N6O,280.291,280.107,CC1CC(=O)NN=C1C2=CC=C(C=C2)NN=C(C#N)C#N,113.0
488,60865,337.168,1,4,25,C21H23NO3,337.419,337.168,CN(C)CCC=C1C2=CC=CC=C2COC3=C1C=C(C=C3)CC(=O)O,49.8
573,60854,412.112,1,5,28,C21H21ClN4OS,412.936,412.112,C1CN(CCN1CCC2=C(C=C3C(=C2)CC(=O)N3)Cl)C4=NSC5=CC=CC=C54,76.7
748,60843,427.149,6,6,31,C20H21N5O6,427.417,427.149,C1=CC(=CC=C1CCC2=CNC3=C2C(=O)N=C(N3)N)C(=O)NC(CCC(=O)O)C(=O)O,187.0
564,60831,392.099,1,6,26,C19H22NO4S2+,392.508,392.099,C[N+]1(C2CC(CC1C3C2O3)OC(=O)C(C4=CC=CS4)(C5=CC=CS5)O)C,116.0
523,60815,376.2,0,6,27,C20H28N2O5,376.453,376.2,CCC(=O)N(C1=CC=CC=C1)C2(CCN(CC2)CCC(=O)OC)C(=O)OC,76.2
559,60795,447.148,1,4,30,C23H27Cl2N3O2,448.388,447.148,C1CC(=O)NC2=C1C=CC(=C2)OCCCCN3CCN(CC3)C4=C(C(=CC=C4)Cl)Cl,44.8
450,60712,320.002,2,4,21,C14H9ClN2O3S,320.747,320.002,C1=CSC(=C1)C(=O)C2=C(N(C3=C2C=C(C=C3)Cl)C(=O)N)O,114.0
709,60663,495.29,1,6,36,C29H38FN3O3,495.639,495.29,CC(C)C1C2=C(CCC1(CCN(C)CCCC3=NC4=CC=CC=C4N3)OC(=O)COC)C=C(C=C2)F,67.4
485,60561,385.135,1,5,27,C21H23NO4S,385.478,385.135,CC(=O)SCC(CC1=CC=CC=C1)C(=O)NCC(=O)OCC2=CC=CC=C2,97.8
653,60198,296.178,0,2,22,C20H24O2,296.41,296.178,CC12CCC3C(C1CCC2=O)CC(=C)C4=CC(=O)C=CC34C,34.1
524,60184,368.231,2,6,26,C19H32N2O5,368.474,368.231,CCCC(C(=O)OCC)NC(C)C(=O)N1C2CCCCC2CC1C(=O)O,95.9
645,60164,412.204,1,3,31,C28H28O3,412.529,412.204,COC1=C(C=C(C=C1)C2=CC3=C(C=C2)C=C(C=C3)C(=O)O)C45CC6CC(C4)CC(C6)C5,46.5
623,60149,440.178,1,3,31,C24H26ClFN4O,440.947,440.178,C1CN(CCC1C2=CN(C3=C2C=C(C=C3)Cl)C4=CC=C(C=C4)F)CCN5CCNC5=O,40.5
539,60147,408.172,2,7,28,C20H28N2O5S,408.513,408.172,CCOC1=CC=CC=C1OCCNC(C)CC2=CC(=C(C=C2)OC)S(=O)(=O)N,108.0
294,57469,240.137,1,3,18,C14H16N4,240.31,240.137,CC(C)CN1C=NC2=C1C3=CC=CC=C3N=C2N,56.7
668,56016,834.896,7,9,35,C20H28I3N3O9,835.169,834.896,CC(=O)N(CC(COC)O)C1=C(C(=C(C(=C1I)C(=O)NCC(CO)O)I)C(=O)NCC(CO)O)I,189.0
514,55756,348.184,1,4,26,C22H24N2O2,348.446,348.184,CC1=CC=C(C=C1)C(=CCN2CCCC2)C3=CC=CC(=N3)C=CC(=O)O,53.4
576,55645,395.224,2,6,27,C20H33N3O3S,395.562,395.224,CCCN1CC(CC2C1CC3=C(C2)C(=CC=C3)O)NS(=O)(=O)N(CC)CC,81.3
334,55483,356.246,4,4,26,C22H32N2O2,356.51,356.246,C1=CC=C(C=C1)CCNCCCCCCNCCC2=CC(=C(C=C2)O)O,64.5
429,55362,387.296,7,6,27,C17H37N7O3,387.529,387.296,C(CCCN=C(N)N)CCC(=O)NC(C(=O)NCCCCNCCCN)O,181.0
522,55197,308.116,1,4,23,C18H16N2O3,308.337,308.116,CN1C2=CC=CC=C2C(=O)C(=C1O)C(=O)N(C)C3=CC=CC=C3,60.8
476,55191,359.232,0,6,26,C19H29N5O2,359.474,359.232,CC1(CC(=O)N(C(=O)C1)CCCCN2CCN(CC2)C3=NC=CC=N3)C,69.6
294,54910,261.056,1,3,18,C14H12ClNO2,261.705,261.056,CC1=NC=C2C(OCC2=C1O)C3=CC=C(C=C3)Cl,42.4
237,54841,255.162,1,2,19,C17H21NO,255.361,255.162,CC1=CC=CC=C1OC(CCNC)C2=CC=CC=C2,21.3
446,54766,367.211,2,6,26,C18H29N3O5,367.446,367.211,CC(C)(C)NCC(C1=CC(=CC(=C1)OC(=O)N(C)C)OC(=O)N(C)C)O,91.3
706,54454,418.272,1,5,30,C25H38O5,418.574,418.272,CCC(C)(C)C(=O)OC1CC(C=C2C1C(C(C=C2)C)CCC3CC(CC(=O)O3)O)C,72.8
486,53359,357.065,1,7,24,C16H14F3NO3S,357.347,357.065,CN(CC(=O)O)C(=S)C1=CC=CC2=C1C=CC(=C2C(F)(F)F)OC,81.9
350,53276,304.134,3,6,22,C15H17FN4O2,304.325,304.134,CCOC(=O)NC1=C(N=C(C=C1)NCC2=CC=C(C=C2)F)N,89.3
369,51768,370.089,1,4,22,C16H23BrN2O3,371.275,370.089,CCN1CCCC1CNC(=O)C2=C(C=CC(=C2OC)Br)OC,50.8
190,51634,219.147,4,5,15,C10H21NO4,219.281,219.147,CCCCN1CC(C(C(C1CO)O)O)O,84.2
179,51577,207.111,5,6,14,C8H17NO5,207.226,207.111,C1C(C(C(C(N1CCO)CO)O)O)O,104.0
614,51263,416.254,0,6,30,C21H32N6O3,416.526,416.254,CCC(=O)N(C1=CC=CC=C1)C2(CCN(CC2)CCN3C(=O)N(N=N3)CC)COC,81.0
753,50294,371.101,2,8,27,C19H17NO7,371.345,371.101,CCCC1=C2C(=CC3=C1OC(=CC3=O)C(=O)O)C(=O)C=C(N2CC)C(=O)O,121.0
1060,50191,602.477,0,6,43,C35H62N4O4+2,602.905,602.477,CC(=O)OC1CC2CCC3C(C2(CC1N4CC[N+](CC4)(C)C)C)CCC5(C3CC(C5OC(=O)C)N6CC[N+](CC6)(C)C)C,59.1
434,48041,352.215,1,3,26,C22H28N2O2,352.478,352.215,CN1CCCCC1CCC2=CC=CC=C2NC(=O)C3=CC=C(C=C3)OC,41.6
228,47528,211.059,1,5,15,C8H9N3O4,211.177,211.059,C1=CC(=CN=C1)C(=O)NCCO[N+](=O)[O-],97.0
1390,47319,928.509,0,12,67,C53H72N2O12+2,929.161,928.509,C[N+]1(CCC2=CC(=C(C=C2C1CC3=CC(=C(C=C3)OC)OC)OC)OC)CCC(=O)OCCCCCOC(=O)CC[N+]4(CCC5=CC(=C(C=C5C4CC6=CC(=C(C=C6)OC)OC)OC)OC)C,126.0
428,44562,295.121,1,3,22,C18H17NO3,295.338,295.121,CCC(C1=CC=C(C=C1)N2CC3=CC=CC=C3C2=O)C(=O)O,57.6
499,44112,380.21,2,4,28,C23H28N2O3,380.488,380.21,CC1=CC2=C(N1)C=CC=C2OCC(CNC(C)(C)C)OC(=O)C3=CC=CC=C3,63.4
179,42396,225.136,3,4,16,C12H19NO3,225.288,225.136,CC(C)NCC(COC1=CC=C(C=C1)O)O,61.7
518,41781,348.126,3,5,24,C16H20N4O3S,348.421,348.126,CC1=CC(=CC=C1)NC2=C(C=NC=C2)S(=O)(=O)NC(=O)NC(C)C,109.0
962,41774,645.248,14,19,44,C25H43NO18,645.608,645.248,CC1C(C(C(C(O1)OC2C(OC(C(C2O)O)OC3C(OC(C(C3O)O)O)CO)CO)O)O)NC4C=C(C(C(C4O)O)O)CO,321.0
459,41693,386.203,0,4,27,C22H30N2O2S,386.554,386.203,CCC(=O)N(C1=CC=CC=C1)C2(CCN(CC2)CCC3=CC=CS3)COC,61.0
539,41317,326.188,1,3,24,C21H26O3,326.436,326.188,CC1=CC(=C(C(=C1C=CC(=CC=CC(=CC(=O)O)C)C)C)C)OC,46.5
677,40976,324.209,1,2,24,C22H28O2,324.464,324.209,CCC12CC(=C)C3C(C1CCC2(C#C)O)CCC4=CC(=O)CCC34,37.3
605,40973,310.23,1,1,23,C22H30O,310.481,310.23,CCC12CC(=C)C3C(C1CCC2(C#C)O)CCC4=CCCCC34,20.2
596,40704,510.222,0,4,32,C26H41BrNO4+,511.521,510.222,CC1(C2CCC(C1C2)CCOCC[N+]3(CCOCC3)CC4=CC(=C(C=C4Br)OC)OC)C,36.9
384,39941,301.051,1,4,21,C16H12ClNO3,301.726,301.051,CC(C1=CC2=C(C=C1)OC(=N2)C3=CC=C(C=C3)Cl)C(=O)O,63.3
162,39880,154.038,1,4,11,C6H6N2O3,154.125,154.038,CC1=[N+](C(=CN=C1)C(=O)O)[O-],75.6
524,39860,372.266,1,3,27,C24H36O3,372.549,372.266,CCCCCCC(C)(C)C1=CC2=C(C3CC(=O)CCC3C(O2)(C)C)C(=C1)O,46.5
452,39042,361.108,2,4,25,C19H20ClNO4,361.822,361.108,CC(C)(C(=O)O)OC1=CC=C(C=C1)CCNC(=O)C2=CC=C(C=C2)Cl,75.6
379,38409,329.952,1,5,20,C13H8Cl2O4S,331.163,329.952,C1=CSC(=C1)C(=O)C2=C(C(=C(C=C2)OCC(=O)O)Cl)Cl,91.8
293,36920,295.161,2,4,20,C16H25NO2S,295.441,295.161,CC(C)(C)NCC(COC1=CC=CC2=C1SCCC2)O,66.8
305,36811,301.168,4,4,22,C18H23NO3,301.386,301.168,CC(CCC1=CC=C(C=C1)O)NCCC2=CC(=C(C=C2)O)O,72.7
668,36709,326.225,0,2,24,C22H30O2,326.48,326.225,CCC(=O)C1(CCC2C1(CCC3=C4CCC(=O)C=C4CCC23)C)C,34.1
277,36339,244.121,0,3,18,C14H16N2O2,244.294,244.121,CCOC(=O)C1=CN=CN1C(C)C2=CC=CC=C2,44.1
244,34521,207.09,1,3,15,C11H13NO3,207.229,207.09,CC1=CC(=CC=C1)N2CC(OC2=O)CO,49.8
382,34312,252.09,1,2,19,C15H12N2O2,252.273,252.09,C1C2=CC=CC=C2N(C3=CC=CC=C3C1=O)C(=O)N,63.4
647,33630,523.17,1,7,36,C28H27ClF5NO,523.972,523.17,C1CN(CCC1(C2=CC(=C(C=C2)Cl)C(F)(F)F)O)CCCC(C3=CC=C(C=C3)F)C4=CC=C(C=C4)F,23.5
454,33625,347.2,2,2,26,C22H25N3O,347.462,347.2,C1CN(CCC1NC(=O)C2=CC=CC=C2)CCC3=CNC4=CC=CC=C43,48.1
1090,32744,671.099,10,17,44,C19H27N7O16P2,671.406,671.099,C1=CN(C(=O)N=C1N)C2C(C(C(O2)COP(=O)(O)O)O)O.C1=NC(=O)C2=C(N1)N(C=N2)C3C(C(C(O3)COP(=O)(O)O)O)O,351.0
284,31729,287.152,4,4,21,C17H21NO3,287.359,287.152,CC(C(C1=CC=C(C=C1)O)O)NCCC2=CC=C(C=C2)O,72.7
348,31477,309.194,2,5,22,C17H27NO4,309.406,309.194,CC1=CC(=C(C(=C1OC(=O)C)C)C)OCC(CNC(C)C)O,67.8
734,31378,380.2,3,6,27,C21H29FO5,380.456,380.2,CC12CCC(=O)C=C1CCC3C2(C(CC4(C3CCC4(C(=O)CO)O)C)O)F,94.8
263,30668,258.033,1,2,16,C11H12Cl2N2O,259.13,258.033,CC(C1=NCCN1)OC2=C(C=CC=C2Cl)Cl,33.6
404,30623,268.117,2,6,19,C11H16N4O4,268.273,268.117,CC(CN1CC(=O)NC(=O)C1)N2CC(=O)NC(=O)C2,98.8
1940,29051,1084.473,11,24,76,C52H76O24,1085.156,1084.473,CC1C(C(CC(O1)OC2CC(OC(C2O)C)OC3=CC4=CC5=C(C(=O)C(C(C5)C(C(=O)C(C(C)O)O)OC)OC6CC(C(C(O6)C)O)OC7CC(C(C(O7)C)O)OC8CC(C(C(O8)C)O)(C)O)C(=C4C(=C3C)O)O)O)O,358.0
311,28397,311.225,1,2,23,C21H29NO,311.469,311.225,CCC(C(CC(C)N(C)C)(C1=CC=CC=C1)C2=CC=CC=C2)O,23.5
351,28283,345.002,1,10,21,C10H13FeN2O8,345.065,345.002,C(CN(CC(=O)[O-])CC(=O)[O-])N(CC(=O)O)CC(=O)[O-].[Fe+3],164.0
2040,27991,1068.427,13,15,74,C46H64N14O12S2,1069.224,1068.427,C1CC(N(C1)C(=O)C2CSSCCC(=O)NC(C(=O)NC(C(=O)NC(C(=O)NC(C(=O)N2)CC(=O)N)CCC(=O)N)CC3=CC=CC=C3)CC4=CC=C(C=C4)O)C(=O)NC(CCCN=C(N)N)C(=O)NCC(=O)N,489.0
406,27400,295.139,0,2,21,C19H21NS,295.444,295.139,CN1CCC(=C2C3=C(CCC4=CC=CC=C42)SC=C3)CC1,31.5
996,26709,441.215,1,7,32,C25H31NO6,441.524,441.215,CC1=NC2(C(O1)CC3C2(CC(C4C3CCC5=CC(=O)C=CC45C)O)C)C(=O)COC(=O)C,102.0
683,26248,368.053,1,8,27,C19H12O8,368.297,368.053,CC(=O)OC1=CC=CC2=C1C(=O)C3=C(C=C(C=C3C2=O)C(=O)O)OC(=O)C,124.0
516,26098,300.159,0,3,22,C16H20N4O2,300.362,300.159,CCCC1C(=O)N2C3=C(C=CC(=C3)C)N=C(N2C1=O)N(C)C,56.2
988,25474,973.496,2,5,33,C20H4Cl4I4O5,973.665,971.499,C1=C2C(=C3C=C(C(=O)C(=C3OC2=C(C(=C1I)O)I)I)I)C4=C(C(=C(C(=C4Cl)Cl)Cl)Cl)C(=O)O,83.8
264,25295,289.135,0,3,20,C16H20ClN3,289.807,289.135,CN(C)CCN(CC1=CC=C(C=C1)Cl)C2=CC=CC=N2,19.4
354,23897,276.184,1,3,20,C16H24N2O2,276.38,276.184,CCC1=C(NC2=C1C(=O)C(CC2)CN3CCOCC3)C,45.3
514,23576,365.169,0,1,26,C22H25N2OS+,365.515,365.169,C1CC2C3C(C[S+]2C1)N(C(=O)N3CC4=CC=CC=C4)CC5=CC=CC=C5,24.6
130,23403,294.169,2,4,18,C14H30O2S2,294.512,294.169,C(CCCCCSCCO)CCCCSCCO,91.1
399,21855,292.194,0,2,22,C20H24N2,292.426,292.194,CC(C1=CC=CC=N1)C2=C(CC3=CC=CC=C32)CCN(C)C,16.1
529,21847,362.199,1,3,27,C23H26N2O2,362.473,362.199,C1CN(CCC1C2(CCC(=O)NC2=O)C3=CC=CC=C3)CC4=CC=CC=C4,49.4
259,21109,266.163,1,5,19,C14H22N2O3,266.341,266.163,COC1=C(C(=C(C=C1)CN2CCNCC2)OC)OC,43.0
216,19063,242.082,2,3,16,C11H15ClN2O2,242.703,242.082,CC(C)NNC(=O)COC1=CC=C(C=C1)Cl,50.4
585,18140,439.168,1,3,29,C23H31Cl2NO3,440.405,439.168,CC12CCC3C(C1CCC2O)CCC4=C3C=CC(=C4)OC(=O)N(CCCl)CCCl,49.8
330,17513,258.096,5,7,18,C9H14N4O5,258.234,258.096,C1=NC(=C(N1C2C(C(C(O2)CO)O)O)N)C(=O)N,157.0
592,17012,434.164,1,7,30,C23H25F3N2OS,434.521,434.164,C1CN(CCN1CCC=C2C3=CC=CC=C3SC4=C2C=C(C=C4)C(F)(F)F)CCO,52.0
632,16362,461.228,1,4,34,C28H29F2N3O,461.557,461.228,C1CN(CCC1N2C3=CC=CC=C3NC2=O)CCCC(C4=CC=C(C=C4)F)C5=CC=C(C=C5)F,35.6
279,16231,229.048,4,5,15,C6H8ClN7O,229.628,229.048,C1(=C(N=C(C(=N1)Cl)N)N)C(=O)N=C(N)N,159.0
279,15387,263.169,0,3,19,C16H22FNO,263.356,263.169,CC1CCN(CC1)CCCC(=O)C2=CC=C(C=C2)F,20.3
384,15004,337.189,0,5,24,C18H27NO5,337.416,337.189,CCCOC(=O)CC1=CC(=C(C=C1)OCC(=O)N(CC)CC)OC,65.1
432,14707,321.209,1,2,24,C22H27NO,321.464,321.209,CC1C2CC3=C(C1(CCN2CCC4=CC=CC=C4)C)C=C(C=C3)O,23.5
719,13789,340.204,0,3,25,C22H28O3,340.463,340.204,CC12CCC(=O)C=C1C=CC3C2CCC4(C3CCC45CCC(=O)O5)C,43.4
1700,13342,810.42,3,12,59,C46H58N4O9,810.989,810.42,CCC1(CC2CC(C3=C(CCN(C2)C1)C4=CC=CC=C4N3)(C5=C(C=C6C(=C5)C78CCN9C7C(C=CC9)(C(C(C8N6C)(C(=O)OC)O)OC(=O)C)CC)OC)C(=O)OC)O,154.0
344,12555,309.184,0,3,23,C19H23N3O,309.413,309.184,CN(C)CCCOC1=NN(C2=CC=CC=C21)CC3=CC=CC=C3,30.3
391,11291,261.152,0,1,20,C19H19N,261.368,261.152,CN1CCC2=C(C1)C(C3=CC=CC=C23)C4=CC=CC=C4,3.2
752,11047,408.085,2,8,30,C22H16O8,408.362,408.085,CCOC(=O)C(C1=C(OC2=CC=CC=C2C1=O)O)C3=C(OC4=CC=CC=C4C3=O)O,119.0
89,10783,161.007,0,2,9,C6H8ClNS,161.647,161.007,CC1=C(SC=N1)CCCl,41.1
212,10715,184.121,2,2,13,C9H16N2O2,184.239,184.121,CC(C)C(CC=C)C(=O)NC(=O)N,72.2
664,10631,344.235,1,3,25,C22H32O3,344.495,344.235,CC1CC2C(CCC3(C2CCC3(C(=O)C)O)C)C4(C1=CC(=O)CC4)C,54.4
208,10548,256.114,0,4,15,C9H23NO3PS+,256.321,256.114,CCOP(=O)(OCC)SCC[N+](C)(C)C,60.8
60,10413,104.047,2,3,7,C4H8O3,104.105,104.047,C(CC(=O)O)CO,57.5
326,10294,468.073,2,5,20,C13H16HgNO5,466.865,468.073,COC(CNC(=O)C1=CC=CC=C1OCC(=O)O)C[Hg],84.9
255,10187,226.063,3,3,17,C14H10O3,226.231,226.063,C1=CC2=CC3=C(C(=CC=C3)O)C(=C2C(=C1)O)O,60.7
397,10100,339.22,0,3,25,C22H29NO2,339.479,339.22,CCC(=O)OC(CC1=CC=CC=C1)(C2=CC=CC=C2)C(C)CN(C)C,29.5
264,9991,184.118,4,4,13,C5H12N8,184.207,184.118,CC(=NN=C(N)N)C=NN=C(N)N,154.0
420,9908,280.11,1,3,21,C18H16O3,280.323,280.11,CCC(C1=CC=CC=C1)C2=C(OC3=CC=CC=C3C2=O)O,46.5
466,9904,274.193,1,2,20,C18H26O2,274.404,274.193,CC12CCC3C(C1CCC2O)CCC4=CC(=O)CCC34,37.3
316,9801,329.214,1,1,25,C24H27N,329.487,329.214,CC(CC1=CC=CC=C1)NCCC(C2=CC=CC=C2)C3=CC=CC=C3,12.0
313,9458,248.03,1,7,17,C10H7F3O4,248.157,248.03,CC(=O)OC1=C(C=CC(=C1)C(F)(F)F)C(=O)O,63.6
300,9395,275.056,0,6,18,C10H14NO6P,275.197,275.056,CCOP(=O)(OCC)OC1=CC=C(C=C1)[N+](=O)[O-],90.6
614,9052,353.09,1,6,26,C19H15NO6,353.33,353.09,CC(=O)CC(C1=CC=C(C=C1)[N+](=O)[O-])C2=C(OC3=CC=CC=C3C2=O)O,109.0
75,9015,124.052,1,2,9,C7H8O2,124.139,124.052,COC1=CC=C(C=C1)O,29.5
64,7741,111.08,2,2,8,C5H9N3,111.148,111.08,C1=C(NN=C1)CCN,54.7
65,7510,109.053,1,2,8,C6H7NO,109.128,109.053,C1=CC(=CN=C1)CO,33.1
258,7187,242.058,0,4,18,C14H10O4,242.23,242.058,C1=CC=C(C=C1)C(=O)OOC(=O)C2=CC=CC=C2,52.6
122,7172,167.095,3,3,12,C9H13NO2,167.208,167.095,CNCC(C1=CC=C(C=C1)O)O,52.5
249,6834,318.073,0,2,19,C16H19BrN2,319.246,318.073,CN(C)CCC(C1=CC=C(C=C1)Br)C2=CC=CC=N2,16.1
502,6691,308.105,1,4,23,C19H16O4,308.333,308.105,CC(=O)CC(C1=CC=CC=C1)C2=C(OC3=CC=CC=C3C2=O)O,63.6
42,6575,129.914,0,0,5,C2HCl3,131.38,129.914,C(=C(Cl)Cl)Cl,0.0
54,6503,121.074,4,4,8,C4H11NO3,121.136,121.074,C(C(CO)(CO)N)O,86.7
246,6257,223.084,1,4,16,C11H13NO4,223.228,223.084,COC1=CC=CC=C1OCC2CNC(=O)O2,56.8
8,6212,117.914,0,0,4,CHCl3,119.369,117.914,C(Cl)(Cl)Cl,0.0
227,6181,432.867,3,4,15,C9H9I2NO3,432.984,432.867,C1=C(C=C(C(=C1I)O)I)CC(C(=O)O)N,83.6
826,6138,733.562,0,8,50,C40H80NO8P,734.053,733.562,CCCCCCCCCCCCCCCC(=O)OCC(COP(=O)([O-])OCC[N+](C)(C)C)OC(=O)CCCCCCCCCCCCCCC,111.0
160,6104,391.999,4,6,13,C6H11AuO5S,392.176,391.999,C(C1C(C(C(C(O1)[S-])O)O)O)O.[Au+],91.2
189,6082,211.121,2,4,15,C11H17NO3,211.261,211.121,CC(C(C1=C(C=CC(=C1)OC)OC)O)N,64.7
10,6058,77.03,2,2,4,C2H7NS,77.145,77.03,C(CS)N,27.0
425,6018,317.199,0,4,23,C19H27NO3,317.429,317.199,CC(C)CC1CN2CCC3=CC(=C(C=C3C2CC1=O)OC)OC,38.8
343,6009,231.137,0,3,17,C13H17N3O,231.299,231.137,CC1=C(C(=O)N(N1C)C2=CC=CC=C2)N(C)C,26.8
1750,5978,824.4,3,12,60,C46H56N4O10,824.972,824.4,CCC1(CC2CC(C3=C(CCN(C2)C1)C4=CC=CC=C4N3)(C5=C(C=C6C(=C5)C78CCN9C7C(C=CC9)(C(C(C8N6C=O)(C(=O)OC)O)OC(=O)C)CC)OC)C(=O)OC)O,171.0
83,5977,175.956,1,1,8,C4H7Cl3O,177.449,175.956,CC(C)(C(Cl)(Cl)Cl)O,20.2
144,5936,184.066,0,4,11,C6H14FO3P,184.147,184.066,CC(C)OP(=O)(OC(C)C)F,35.5
116,5917,138.091,0,3,10,C6H10N4,138.174,138.091,C1CCC2=NN=NN2CC1,43.6
503,5878,306.219,1,3,22,C19H30O3,306.446,306.219,CC12CCC3C(C1CCC2(C)O)CCC4C3(COC(=O)C4)C,46.5
523,5857,284.214,1,1,21,C20H28O,284.443,284.214,CC12CCC3C(C1CCC2(C#C)O)CCC4=CCCCC34,20.2
363,5775,281.153,2,3,21,C17H19N3O,281.359,281.153,CC1=CC=C(C=C1)N(CC2=NCCN2)C3=CC(=CC=C3)O,47.9
409,5749,348.254,1,3,25,C21H34NO3+,348.507,348.254,CC[N+](C)(CC)CCOC(=O)C(C1CCCCC1)(C2=CC=CC=C2)O,46.5
757,5746,334.128,3,8,24,C15H18N4O5,334.332,334.128,CC1=C(C(=O)C2=C(C1=O)N3CC4C(C3(C2COC(=O)N)OC)N4)N,147.0
401,5736,331.08,0,3,22,C18H18ClNOS,331.858,331.08,CN(C)CCOC1=CC2=CC=CC=C2SC3=C1C=C(C=C3)Cl,37.8
298,5734,212.026,1,5,14,C8H8N2O3S,212.223,212.026,C1=CC=C2C(=C1)C(=NO2)CS(=O)(=O)N,94.6
379,5733,291.066,1,3,20,C15H14ClNO3,291.731,291.066,CC1=C(N(C(=C1)CC(=O)O)C)C(=O)C2=CC=C(C=C2)Cl,59.3
417,5732,307.168,0,2,23,C19H21N3O,307.397,307.168,CC1=CC=C(C=C1)C2=C(N3C=C(C=CC3=N2)C)CC(=O)N(C)C,37.6
375,5731,287.163,2,3,21,C16H21N3O2,287.363,287.163,CN(C)CCC1=CNC2=C1C=C(C=C2)CC3COC(=O)N3,57.4
487,5719,305.128,0,4,23,C17H15N5O,305.341,305.128,CCN(C1=CC=CC(=C1)C2=CC=NC3=C(C=NN23)C#N)C(=O)C,74.3
1010,5717,575.209,2,6,41,C31H33N3O6S,575.68,575.209,CC1=CC=CC=C1S(=O)(=O)NC(=O)C2=CC(=C(C=C2)CC3=CN(C4=C3C=C(C=C4)NC(=O)OC5CCCC5)C)OC,124.0
263,5677,267.132,8,8,18,C10H21NO7,267.278,267.132,C1C(C(C(C(C1(CO)O)O)O)O)NC(CO)CO,154.0
1690,5672,778.394,2,11,57,C45H54N4O8,778.947,778.394,CCC1=CC2CC(C3=C(CN(C2)C1)C4=CC=CC=C4N3)(C5=C(C=C6C(=C5)C78CCN9C7C(C=CC9)(C(C(C8N6C)(C(=O)OC)O)OC(=O)C)CC)OC)C(=O)OC,134.0
112,5665,129.079,2,3,9,C6H11NO2,129.159,129.079,C=CC(CCC(=O)O)N,63.3
279,5656,277.204,1,3,20,C17H27NO2,277.408,277.204,CN(C)CC(C1=CC=C(C=C1)OC)C2(CCCCC2)O,32.7
608,5650,435.227,2,6,32,C24H29N5O3,435.528,435.227,CCCCC(=O)N(CC1=CC=C(C=C1)C2=CC=CC=C2C3=NNN=N3)C(C(C)C)C(=O)O,112.0
588,5639,387.227,1,6,28,C20H29N5O3,387.484,387.227,CN1C(=CC(=O)N(C1=O)C)NCCCN2CCN(CC2)C3=CC=CC=C3OC,68.4
460,5636,382.272,3,5,27,C22H38O5,382.541,382.272,CCCCCCCC(=O)CCC1C(CC(C1CC=CCCCC(=O)O)O)O,94.8
553,5596,392.223,1,3,29,C25H30NO3+,392.519,392.223,C1CC[N+]2(C1)C3CCC2CC(C3)OC(=O)C(C4=CC=CC=C4)(C5=CC=CC=C5)O,46.5
400,5595,284.152,1,3,21,C17H20N2O2,284.359,284.152,CN1C2CCC1CC(C2)OC(=O)C3=CNC4=CC=CC=C43,45.3
310,5593,284.152,1,3,21,C17H20N2O2,284.359,284.152,CCN(CC1=CC=NC=C1)C(=O)C(CO)C2=CC=CC=C2,53.4
681,5591,441.161,2,6,31,C24H27NO5S,441.542,441.161,CC1=C(C(=C2CCC(OC2=C1C)(C)COC3=CC=C(C=C3)CC4C(=O)NC(=O)S4)C)O,110.0
336,5588,278.178,0,2,21,C19H22N2,278.399,278.178,CC1=CC=C(C=C1)C(=CCN2CCCC2)C3=CC=CC=N3,16.1
236,5587,255.174,0,3,19,C16H21N3,255.365,255.174,CN(C)CCN(CC1=CC=CC=C1)C2=CC=CC=N2,19.4
317,5584,294.21,0,2,22,C20H26N2,294.442,294.21,CC(CN1C2=CC=CC=C2CCC3=CC=CC=C31)CN(C)C,6.5
311,5574,298.15,0,3,21,C18H22N2S,298.448,298.15,CC(CN1C2=CC=CC=C2SC3=CC=CC=C31)CN(C)C,31.8
466,5573,387.205,0,6,28,C22H29NO5,387.476,387.205,CCC(COC(=O)C1=CC(=C(C(=C1)OC)OC)OC)(C2=CC=CC=C2)N(C)C,57.2
314,5572,301.241,1,2,22,C20H31NO,301.474,301.241,C1CCC(CC1)C(CCN2CCCCC2)(C3=CC=CC=C3)O,23.5
416,5568,352.122,0,6,24,C18H19F3N2S,352.419,352.122,CN(C)CCCN1C2=CC=CC=C2SC3=C1C=C(C=C3)C(F)(F)F,31.8
510,5566,407.164,0,7,28,C21H24F3N3S,407.499,407.164,CN1CCN(CC1)CCCN2C3=CC=CC=C3SC4=C2C=C(C=C4)C(F)(F)F,35.0
472,5556,342.044,0,3,23,C17H12Cl2N4,343.211,342.044,CC1=NN=C2N1C3=C(C=C(C=C3)Cl)C(=NC2)C4=CC=CC=C4Cl,43.1
807,5544,394.179,4,7,28,C21H27FO6,394.439,394.179,CC12CC(C3(C(C1CC(C2(C(=O)CO)O)O)CCC4=CC(=O)C=CC43C)F)O,115.0
611,5533,371.151,0,4,26,C19H22ClN5O,371.869,371.151,C1CN(CCN1CCCN2C(=O)N3C=CC=CC3=N2)C4=CC(=CC=C4)Cl,42.4
206,5531,205.133,0,4,15,C10H15N5,205.265,205.133,CCN(CC)C1=CC(=NC2=NC=NN12)C,46.3
116,5530,133.089,1,1,10,C9H11N,133.194,133.089,C1C(C1N)C2=CC=CC=C2,26.0
139,5526,157.11,2,3,11,C8H15NO2,157.213,157.11,C1CC(CCC1CN)C(=O)O,63.3
634,5525,430.247,2,6,31,C24H34N2O5,430.545,430.247,CCOC(=O)C(CCC1=CC=CC=C1)NC(C)C(=O)N2C3CCCCC3CC2C(=O)O,95.9
274,5524,215.142,2,1,16,C13H17N3,215.3,215.142,C1CCC2=C(C1)C=CC=C2NC3=NCCN3,36.4
282,5523,263.189,1,3,19,C16H25NO2,263.381,263.189,CN(C)CC1CCCCC1(C2=CC(=CC=C2)OC)O,32.7
483,5516,405.186,0,2,29,C26H28ClNO,405.966,405.186,CN(C)CCOC1=CC=C(C=C1)C(=C(CCCl)C2=CC=CC=C2)C3=CC=CC=C3,12.5
867,5515,421.164,2,7,31,C23H23N3O5,421.453,421.164,CCC1(C2=C(COC1=O)C(=O)N3CC4=C(C3=C2)N=C5C=CC(=C(C5=C4)CN(C)C)O)O,103.0
556,5514,339.099,1,9,22,C12H21NO8S,339.359,339.099,CC1(OC2COC3(C(C2O1)OC(O3)(C)C)COS(=O)(=O)N)C,124.0
340,5512,325.241,1,2,24,C22H31NO,325.496,325.241,CC1=CC(=C(C=C1)O)C(CCN(C(C)C)C(C)C)C2=CC=CC=C2,23.5
342,5508,256.097,0,3,19,C15H14NO3-,256.281,256.097,CC1=CC=C(C=C1)C(=O)C2=CC=C(N2C)CC(=O)[O-],62.1
298,5507,261.056,2,3,18,C14H12ClNO2,261.705,261.056,CC1=C(C=CC(=C1)NC2=CC=CC=C2C(=O)O)Cl,49.3
354,5505,270.104,2,3,18,C12H18N2O3S,270.347,270.104,CCCCNC(=O)NS(=O)(=O)C1=CC=C(C=C1)C,83.6
169,5504,160.1,1,1,12,C10H12N2,160.22,160.1,C1CN=C(N1)CC2=CC=CC=C2,24.4
300,5487,253.019,2,4,16,C9H8ClN5S,253.708,253.019,C1CN=C(N1)NC2=C(C=CC3=NSN=C32)Cl,90.4
579,5486,440.234,3,7,30,C22H36N2O5S,440.599,440.234,CCCCS(=O)(=O)NC(CC1=CC=C(C=C1)OCCCCC2CCNCC2)C(=O)O,113.0
310,5478,316.157,2,8,21,C13H24N4O3S,316.42,316.157,CC(C)(C)NCC(COC1=NSN=C1N2CCOCC2)O,108.0
261,5472,263.054,0,2,17,C14H14ClNS,263.783,263.054,C1CN(CC2=C1SC=C2)CC3=CC=CC=C3Cl,31.5
636,5470,312.209,1,2,23,C21H28O2,312.453,312.209,CC1CC2=C(CCC(=O)C2)C3C1C4CCC(C4(CC3)C)(C#C)O,37.3
323,5468,260.051,1,4,18,C14H12O3S,260.307,260.051,CC(C1=CC=C(S1)C(=O)C2=CC=CC=C2)C(=O)O,82.6
443,5467,328.146,1,5,22,C15H24N2O4S,328.427,328.146,CCN(CC)CCNC(=O)C1=C(C=CC(=C1)S(=O)(=O)C)OC,84.1
474,5466,375.133,1,5,25,C20H25NO2S2,375.545,375.133,CC1=C(SC=C1)C(=CCCN2CCCC(C2)C(=O)O)C3=C(C=CS3)C,97.0
711,5454,443.17,0,6,30,C23H29N3O2S2,443.624,443.17,CN1CCN(CC1)CCC=C2C3=CC=CC=C3SC4=C2C=C(C=C4)S(=O)(=O)N(C)C,77.5
432,5452,370.154,0,4,25,C21H26N2S2,370.573,370.154,CN1CCCCC1CCN2C3=CC=CC=C3SC4=C2C=C(C=C4)SC,57.1
267,5429,180.065,1,3,13,C7H8N4O2,180.167,180.065,CN1C=NC2=C1C(=O)NC(=O)N2C,67.2
449,5426,258.064,1,4,19,C13H10N2O4,258.233,258.064,C1CC(=O)NC(=O)C1N2C(=O)C3=CC=CC=C3C2=O,83.6
249,5411,264.184,1,4,19,C15H24N2O2,264.369,264.184,CCCCNC1=CC=C(C=C1)C(=O)OCCN(C)C,41.6
582,5405,471.314,2,3,35,C32H41NO2,471.685,471.314,CC(C)(C)C1=CC=C(C=C1)C(CCCN2CCC(CC2)C(C3=CC=CC=C3)(C4=CC=CC=C4)O)O,43.7
205,5403,225.136,4,4,16,C12H19NO3,225.288,225.136,CC(C)(C)NCC(C1=CC(=CC(=C1)O)O)O,72.7
544,5401,387.191,1,8,28,C19H25N5O4,387.44,387.191,COC1=C(C=C2C(=C1)C(=NC(=N2)N3CCN(CC3)C(=O)C4CCCO4)N)OC,103.0
599,5397,337.019,2,8,22,C13H11N3O4S2,337.368,337.019,CN1C(=C(NC2=CC=CC=N2)O)C(=O)C3=C(S1(=O)=O)C=CS3,136.0
1090,5396,656.156,3,14,46,C32H32O13S,656.655,656.156,COC1=CC(=CC(=C1O)OC)C2C3C(COC3=O)C(C4=CC5=C(C=C24)OCO5)OC6C(C(C7C(O6)COC(O7)C8=CC=CS8)O)O,189.0
315,5394,194.055,1,5,14,C6H6N6O2,194.154,194.055,CN1C(=O)N2C=NC(=C2N=N1)C(=O)N,106.0
644,5393,476.144,2,8,32,C23H28N2O5S2,476.606,476.144,CCOC(=O)C(CCC1=CC=CC=C1)NC2CSC(CN(C2=O)CC(=O)O)C3=CC=CS3,150.0
316,5386,200.06,1,4,14,C8H9FN2O3,200.169,200.06,C1CC(OC1)N2C=C(C(=O)NC2=O)F,58.6
547,5381,351.129,0,4,25,C21H21NO2S,351.464,351.129,CCOC(=O)C1=CN=C(C=C1)C#CC2=CC3=C(C=C2)SCCC3(C)C,64.5
463,5376,371.225,0,2,28,C26H29NO,371.524,371.225,CCC(=C(C1=CC=CC=C1)C2=CC=C(C=C2)OCCN(C)C)C3=CC=CC=C3,12.5
1480,5372,803.482,3,12,57,C44H69NO12,804.031,803.482,CC1CC(C2C(CC(C(O2)(C(=O)C(=O)N3CCCCC3C(=O)OC(C(C(CC(=O)C(C=C(C1)C)CC=C)O)C)C(=CC4CCC(C(C4)OC)O)C)O)C)OC)OC,178.0
321,5359,260.051,1,4,18,C14H12O3S,260.307,260.051,CC(C1=CC=C(C=C1)C(=O)C2=CC=CS2)C(=O)O,82.6
405,5358,295.135,2,4,20,C14H21N3O2S,295.401,295.135,CNS(=O)(=O)CC1=CC2=C(C=C1)NC=C2CCN(C)C,73.6
505,5355,341.141,2,6,23,C15H23N3O4S,341.426,341.141,CCN1CCCC1CNC(=O)C2=C(C=CC(=C2)S(=O)(=O)N)OC,110.0
616,5352,356.088,1,5,25,C20H17FO3S,356.411,356.088,CC1=C(C2=C(C1=CC3=CC=C(C=C3)S(=O)C)C=CC(=C2)F)CC(=O)O,73.6
1020,5345,793.641,4,10,36,C20H10Br4O10S2,794.026,789.645,C1=CC(=C(C=C1C2(C3=C(C(=C(C(=C3Br)Br)Br)Br)C(=O)O2)C4=CC(=C(C=C4)O)S(=O)(=O)O)S(=O)(=O)O)O,192.0
571,5342,404.119,0,4,29,C23H20N2O3S,404.484,404.119,C1=CC=C(C=C1)N2C(=O)C(C(=O)N2C3=CC=CC=C3)CCS(=O)C4=CC=CC=C4,76.9
284,5314,290.221,0,4,20,C14H30N2O4+2,290.404,290.221,C[N+](C)(C)CCOC(=O)CCC(=O)OCC[N+](C)(C)C,52.6
315,5300,265.091,5,8,18,C8H15N3O7,265.222,265.091,CN(C(=O)NC1C(C(C(OC1O)CO)O)O)N=O,152.0
706,5291,493.259,2,7,37,C29H31N7O,493.615,493.259,CC1=C(C=C(C=C1)NC(=O)C2=CC=C(C=C2)CN3CCN(CC3)C)NC4=NC=CC(=N4)C5=CN=CC=C5,86.3
538,5277,328.251,2,2,24,C21H32N2O,328.5,328.251,CC12CCC3C(C1CCC2(C)O)CCC4C3(CC5=C(C4)NN=C5)C,48.9
818,5267,416.202,0,5,29,C24H32O4S,416.576,416.202,CC(=O)SC1CC2=CC(=O)CCC2(C3C1C4CCC5(C4(CC3)C)CCC(=O)O5)C,85.7
330,5253,272.119,3,5,18,C12H20N2O3S,272.363,272.119,CC(C)NCC(C1=CC=C(C=C1)NS(=O)(=O)C)O,86.8
339,5245,283.001,5,8,17,C7H11NO7P2,283.113,283.001,C1=CC(=CN=C1)CC(O)(P(=O)(O)O)P(=O)(O)O,148.0
222,5219,170.08,1,5,12,C6H10N4O2,170.172,170.08,C1COCCN1[N+]2=CC(=N)O[N-]2,49.6
750,5213,482.121,5,10,35,C25H22O10,482.441,482.121,COC1=C(C=CC(=C1)C2C(OC3=C(O2)C=C(C=C3)C4C(C(=O)C5=C(C=C(C=C5O4)O)O)O)CO)O,155.0
838,5212,474.205,1,7,33,C22H30N6O4S,474.58,474.205,CCCC1=NN(C2=C1NC(=NC2=O)C3=C(C=CC(=C3)S(=O)(=O)N4CCN(CC4)C)OCC)C,118.0
275,5210,279.175,0,1,19,C17H26ClN,279.852,279.175,CC(C)CC(C1(CCC1)C2=CC=C(C=C2)Cl)N(C)C,3.2
121,5206,200.007,0,8,12,C4H3F7O,200.056,200.007,C(OC(C(F)(F)F)C(F)(F)F)F,9.2
322,5203,305.074,1,1,20,C17H17Cl2N,306.23,305.074,CNC1CCC(C2=CC=CC=C12)C3=CC(=C(C=C3)Cl)Cl,12.0
195,5195,187.136,0,1,14,C13H17N,187.286,187.136,CC(CC1=CC=CC=C1)N(C)CC#C,3.2
343,5193,238.132,2,3,17,C12H18N2O3,238.287,238.132,CCCC(C)C1(C(=O)NC(=O)NC1=O)CC=C,75.3
418,5184,303.147,1,5,22,C17H21NO4,303.358,303.147,CN1C2CC(CC1C3C2O3)OC(=O)C(CO)C4=CC=CC=C4,62.3
403,5152,415.272,4,5,30,C25H37NO4,415.574,415.272,C1=CC=C(C=C1)CCCCOCCCCCCNCC(C2=CC(=C(C=C2)O)CO)O,82.0
287,5095,260.189,1,2,19,C16H24N2O,260.381,260.189,CCCN(CCC)CCC1=C2CC(=O)NC2=CC=C1,32.3
556,5090,314.061,0,4,22,C17H14O4S,314.355,314.061,CS(=O)(=O)C1=CC=C(C=C1)C2=C(C(=O)OC2)C3=CC=CC=C3,68.8
269,5077,250.168,0,3,18,C14H22N2O2,250.342,250.168,CCN(C)C(=O)OC1=CC=CC(=C1)C(C)N(C)C,32.8
731,5073,410.212,0,6,30,C23H27FN4O2,410.493,410.212,CC1=C(C(=O)N2CCCCC2=N1)CCN3CCC(CC3)C4=NOC5=C4C=CC(=C5)F,61.9
238,5070,234.007,1,7,15,C8H5F3N2OS,234.196,234.007,C1=CC2=C(C=C1OC(F)(F)F)SC(=N2)N,76.4
1000,5052,608.273,1,10,44,C33H40N2O9,608.688,608.273,COC1C(CC2CN3CCC4=C(C3CC2C1C(=O)OC)NC5=C4C=CC(=C5)OC)OC(=O)C6=CC(=C(C(=C6)OC)OC)OC,118.0
1760,5040,913.555,3,13,65,C51H79NO13,914.187,913.555,CC1CCC2CC(C(=CC=CC=CC(CC(C(=O)C(C(C(=CC(C(=O)CC(OC(=O)C3CCCCN3C(=O)C(=O)C1(O2)O)C(C)CC4CCC(C(C4)OC)O)C)C)O)OC)C)C)C)OC,195.0
347,5039,314.141,2,7,21,C13H22N4O3S,314.404,314.141,CNC(=C[N+](=O)[O-])NCCSCC1=CC=C(O1)CN(C)C,112.0
619,5038,416.231,2,6,30,C23H32N2O5,416.518,416.231,CCOC(=O)C(CCC1=CC=CC=C1)NC(C)C(=O)N2C3CCCC3CC2C(=O)O,95.9
655,5035,473.166,2,6,34,C28H27NO4S,473.587,473.166,C1CCN(CC1)CCOC2=CC=C(C=C2)C(=O)C3=C(SC4=C3C=CC(=C4)O)C5=CC=C(C=C5)O,98.2
121,5032,165.115,2,2,12,C10H15NO,165.236,165.115,CC(C(C1=CC=CC=C1)O)NC,32.3
440,5029,359.13,1,6,25,C18H21N3O3S,359.444,359.13,CC1=C(C=CN=C1CS(=O)C2=NC3=CC=CC=C3N2)OCCCOC,96.3
648,5005,438.215,2,6,32,C25H30N2O5,438.524,438.215,CCOC(=O)C(CCC1=CC=CC=C1)NC(C)C(=O)N2CC3=CC=CC=C3CC2C(=O)O,95.9
496,5002,383.167,1,5,27,C21H25N3O2S,383.51,383.167,C1CN(CCN1CCOCCO)C2=NC3=CC=CC=C3SC4=CC=CC=C42,73.6
277,4992,285.184,0,4,21,C17H23N3O,285.391,285.184,CN(C)CCN(CC1=CC=C(C=C1)OC)C2=CC=CC=N2,28.6
183,4991,181.098,0,2,13,C9H13N2O2+,181.215,181.098,C[N+]1=CC=CC(=C1)OC(=O)N(C)C,33.4
257,4946,259.157,2,3,19,C16H21NO2,259.349,259.157,CC(C)NCC(COC1=CC=CC2=CC=CC=C21)O,41.5
135,4943,178.136,1,1,13,C12H18O,178.275,178.136,CC(C)C1=C(C(=CC=C1)C(C)C)O,20.2
429,4942,367.215,0,4,27,C23H29NO3,367.489,367.215,CCCOC(C1=CC=CC=C1)(C2=CC=CC=C2)C(=O)OC3CCN(CC3)C,38.8
454,4938,306.169,0,4,22,C15H22N4O3,306.366,306.169,CCCN1C=NC2=C1C(=O)N(C(=O)N2C)CCCCC(=O)C,75.5
474,4934,368.223,0,3,27,C23H30NO3+,368.497,368.223,CC(C)[N+](C)(CCOC(=O)C1C2=CC=CC=C2OC3=CC=CC=C13)C(C)C,35.5
368,4932,341.199,2,4,25,C21H27NO3,341.451,341.199,CCCNCC(COC1=CC=CC=C1C(=O)CCC2=CC=CC=C2)O,58.6
298,4927,284.135,0,3,20,C17H20N2S,284.421,284.135,CC(CN1C2=CC=CC=C2SC3=CC=CC=C31)N(C)C,31.8
285,4926,284.135,0,3,20,C17H20N2S,284.421,284.135,CN(C)CCCN1C2=CC=CC=C2SC3=CC=CC=C31,31.8
413,4922,334.189,2,4,24,C18H26N2O4,334.416,334.189,CCCN(CCC)C(=O)C(CCC(=O)O)NC(=O)C1=CC=CC=C1,86.7
429,4917,373.138,0,4,25,C20H24ClN3S,373.943,373.138,CN1CCN(CC1)CCCN2C3=CC=CC=C3SC4=C2C=C(C=C4)Cl,35.0
397,4916,290.163,4,4,21,C16H22N2O3,290.363,290.163,CCC(C(C1=C2C=CC(=O)NC2=C(C=C1)O)O)NC(C)C,81.6
222,4914,236.152,1,4,17,C13H20N2O2,236.315,236.152,CCN(CC)CCOC(=O)C1=CC=C(C=C1)N,55.6
221,4913,235.168,2,3,17,C13H21N3O,235.331,235.168,CCN(CC)CCNC(=O)C1=CC=C(C=C1)N,58.4
583,4912,516.31,2,4,35,C31H48O2S2,516.843,516.31,CC(C)(C)C1=CC(=CC(=C1O)C(C)(C)C)SC(C)(C)SC2=CC(=C(C(=C2)C(C)(C)C)O)C(C)(C)C,91.1
374,4911,285.103,1,5,19,C13H19NO4S,285.358,285.103,CCCN(CCC)S(=O)(=O)C1=CC=C(C=C1)C(=O)O,83.1
764,4900,358.178,2,5,26,C21H26O5,358.434,358.178,CC12CC(=O)C3C(C1CCC2(C(=O)CO)O)CCC4=CC(=O)C=CC34C,91.7
724,4894,360.194,3,5,26,C21H28O5,360.45,360.194,CC12CC(C3C(C1CCC2(C(=O)CO)O)CCC4=CC(=O)C=CC34C)O,94.8
544,4893,383.159,1,8,28,C19H21N5O4,383.408,383.159,COC1=C(C=C2C(=C1)C(=NC(=N2)N3CCN(CC3)C(=O)C4=CC=CO4)N)OC,107.0
656,4889,424.246,4,7,30,C23H36O7,424.534,424.246,CCC(C)C(=O)OC1CC(C=C2C1C(C(C=C2)C)CCC(CC(CC(=O)O)O)O)O,124.0
778,4887,481.175,2,7,36,C27H23N5O4,481.512,481.175,C1=CC=C(C=C1)CCCCOC2=CC=C(C=C2)C(=O)NC3=CC=CC4=C3OC(=CC4=O)C5=NNN=N5,119.0
188,4885,211.114,2,4,14,C10H17N3S,211.327,211.114,CCCNC1CCC2=C(C1)SC(=N2)N,79.2
263,4883,266.163,3,4,19,C14H22N2O3,266.341,266.163,CC(C)NCC(COC1=CC=C(C=C1)NC(=O)C)O,70.6
611,4856,331.063,2,7,23,C15H13N3O4S,331.346,331.063,CN1C(=C(NC2=CC=CC=N2)O)C(=O)C3=CC=CC=C3S1(=O)=O,108.0
534,4848,351.17,1,5,26,C19H21N5O2,351.41,351.17,CN1CCN(CC1)CC(=O)N2C3=CC=CC=C3C(=O)NC4=C2N=CC=C4,68.8
230,4845,240.147,4,5,17,C12H20N2O3,240.303,240.147,CC(C)(C)NCC(C1=NC(=C(C=C1)O)CO)O,85.6
1120,4844,627.232,5,13,45,C32H37NO12,627.643,627.232,CC1C(C(CC(O1)OC2CC(CC3=C(C4=C(C(=C23)O)C(=O)C5=C(C4=O)C=CC=C5OC)O)(C(=O)CO)O)N)OC6CCCCO6,204.0
466,4829,356.119,1,5,25,C19H20N2O3S,356.44,356.119,CCC1=CN=C(C=C1)CCOC2=CC=C(C=C2)CC3C(=O)NC(=O)S3,93.6
248,4828,248.152,3,3,18,C14H20N2O2,248.326,248.152,CC(C)NCC(COC1=CC=CC2=C1C=CN2)O,57.3
327,4826,245.164,2,3,18,C13H19N5,245.33,245.164,CC(C(C)(C)C)N=C(NC#N)NC1=CC=NC=C1,73.1
245,4819,208.121,0,3,15,C11H16N2O2,208.261,208.121,CCC1C(COC1=O)CC2=CN=CN2C,44.1
403,4811,275.163,1,4,20,C15H21N3O2,275.352,275.163,CC12CCN(C1N(C3=C2C=C(C=C3)OC(=O)NC)C)C,44.8
275,4810,241.073,2,4,16,C9H12ClN5O,241.679,241.073,CC1=NC(=C(C(=N1)Cl)NC2=NCCN2)OC,71.4
110,4786,151.1,2,2,11,C9H13NO,151.209,151.1,CC(C(C1=CC=CC=C1)O)N,46.2
130,4782,167.095,3,3,12,C9H13NO2,167.208,167.095,CNCC(C1=CC(=CC=C1)O)O,52.5
389,4781,308.152,0,2,23,C19H20N2O2,308.381,308.152,CCCCC1C(=O)N(N(C1=O)C2=CC=CC=C2)C3=CC=CC=C3,40.6
112,4771,149.12,1,1,11,C10H15N,149.237,149.12,CC(C)(CC1=CC=CC=C1)N,26.0
262,4768,303.139,0,2,21,C18H22ClNO,303.83,303.139,CC(COC1=CC=CC=C1)N(CCCl)CC2=CC=CC=C2,12.5
545,4766,354.056,2,5,25,C19H14O5S,354.376,354.056,C1=CC=C2C(=C1)C(OS2(=O)=O)(C3=CC=C(C=C3)O)C4=CC=C(C=C4)O,92.2
339,4763,232.085,2,3,17,C12H12N2O3,232.239,232.085,CCC1(C(=O)NC(=O)NC1=O)C2=CC=CC=C2,75.3
221,4761,240.163,0,2,18,C16H20N2,240.35,240.163,CN(C)CCC(C1=CC=CC=C1)C2=CC=CC=N2,16.1
162,4754,179.095,1,2,13,C10H13NO2,179.219,179.095,CCOC1=CC=C(C=C1)NC(=O)C,38.3
463,4748,403.149,1,5,27,C21H26ClN3OS,403.969,403.149,C1CN(CCN1CCCN2C3=CC=CC=C3SC4=C2C=C(C=C4)Cl)CCO,55.2
245,4746,277.277,1,1,20,C19H35N,277.496,277.277,C1CCC(CC1)C(CC2CCCCN2)C3CCCCC3,12.0
388,4745,314.182,1,2,22,C19H26N2S,314.491,314.182,CCCN1CC(CC2C1CC3=CNC4=CC=CC2=C34)CSC,44.3
374,4744,339.177,0,4,24,C20H25N3S,339.501,339.177,CN1CCN(CC1)CCCN2C3=CC=CC=C3SC4=CC=CC=C42,35.0
426,4740,278.138,0,4,20,C13H18N4O3,278.312,278.138,CC(=O)CCCCN1C(=O)C2=C(N=CN2C)N(C1=O)C,75.5
356,4739,268.117,4,6,19,C11H16N4O4,268.273,268.117,C1C(C(OC1N2C=NC3=C2NC=NCC3O)CO)O,112.0
305,4737,226.132,2,3,16,C11H18N2O3,226.276,226.132,CCCC(C)C1(C(=O)NC(=O)NC1=O)CC,75.3
414,4736,285.209,1,2,21,C19H27NO,285.431,285.209,CC1C2CC3=C(C1(CCN2CC=C(C)C)C)C=C(C=C3)O,23.5
124,4727,149.051,3,4,9,C5H11NO2S,149.208,149.051,CC(C)(C(C(=O)O)N)S,64.3
402,4691,329.143,1,5,24,C19H20FNO3,329.371,329.143,C1CNCC(C1C2=CC=C(C=C2)F)COC3=CC4=C(C=C3)OCO4,39.7
159,4688,159.105,0,1,12,C11H13N,159.232,159.105,CN(CC#C)CC1=CC=CC=C1,3.2
407,4680,339.147,0,5,25,C20H21NO4,339.391,339.147,COC1=C(C=C(C=C1)CC2=NC=CC3=CC(=C(C=C32)OC)OC)OC,49.8
490,4679,383.075,1,9,26,C16H15F2N3O4S,383.37,383.075,COC1=C(C(=NC=C1)CS(=O)C2=NC3=C(N2)C=C(C=C3)OC(F)F)OC,106.0
652,4677,554.244,8,10,36,C22H42N4O8S2,554.718,554.244,CC(C)(CO)C(C(=O)NCCC(=O)NCCSSCCNC(=O)CCNC(=O)C(C(C)(C)CO)O)O,248.0
481,4642,344.21,1,4,25,C20H28N2O3,344.455,344.21,CN1CCCN=C1COC(=O)C(C2CCCCC2)(C3=CC=CC=C3)O,62.1
454,4641,324.147,1,3,24,C19H20N2O3,324.38,324.147,CCCCC1C(=O)N(N(C1=O)C2=CC=C(C=C2)O)C3=CC=CC=C3,60.8
345,4636,260.189,2,2,19,C16H24N2O,260.381,260.189,CC1=CC(=C(C(=C1CC2=NCCN2)C)O)C(C)(C)C,44.6
553,4635,315.147,1,5,23,C18H21NO4,315.369,315.147,CN1CCC23C4C(=O)CCC2(C1CC5=C3C(=C(C=C5)OC)O4)O,59.0
490,4634,357.23,1,4,26,C22H31NO3,357.494,357.23,CCN(CC)CC#CCOC(=O)C(C1CCCCC1)(C2=CC=CC=C2)O,49.8
361,4614,293.105,1,4,22,C18H15NO3,293.322,293.105,C1=CC=C(C=C1)C2=C(OC(=N2)CCC(=O)O)C3=CC=CC=C3,63.3
1080,4605,584.283,8,12,41,C29H44O12,584.659,584.283,CC1C(C(C(C(O1)OC2CC(C3(C4C(CCC3(C2)O)C5(CCC(C5(CC4O)C)C6=CC(=O)OC6)O)CO)O)O)O)O,207.0
260,4601,269.178,0,2,20,C18H23NO,269.388,269.178,CC1=CC=CC=C1C(C2=CC=CC=C2)OCCN(C)C,12.5
579,4599,495.392,1,5,35,C29H53NO5,495.745,495.392,CCCCCCCCCCCC(CC1C(C(=O)O1)CCCCCC)OC(=O)C(CC(C)C)NC=O,81.7
440,4595,293.153,0,2,22,C18H19N3O,293.37,293.153,CC1=NC=CN1CC2CCC3=C(C2=O)C4=CC=CC=C4N3C,39.8
543,4585,312.141,1,5,22,C17H20N4S,312.435,312.141,CC1=CC2=C(NC3=CC=CC=C3N=C2S1)N4CCN(CC4)C,56.2
111,4581,153.079,3,3,11,C8H11NO2,153.181,153.079,C1=CC(=CC=C1C(CN)O)O,66.5
619,4547,452.268,2,5,33,C27H36N2O4,452.595,452.268,CCOC1=C(C=CC(=C1)CC(=O)NC(CC(C)C)C2=CC=CC=C2N3CCCCC3)C(=O)O,78.9
307,4543,263.167,1,1,20,C19H21N,263.384,263.167,CNCCC=C1C2=CC=CC=C2CCC3=CC=CC=C31,12.0
594,4536,298.193,1,2,22,C20H26O2,298.426,298.193,CC12CCC3C(C1CCC2(C#C)O)CCC4=CC(=O)CCC34,37.3
303,4534,302.152,4,4,22,C18H22O4,302.37,302.152,CC(CC1=CC(=C(C=C1)O)O)C(C)CC2=CC(=C(C=C2)O)O,80.9
272,4528,238.147,1,2,18,C16H18N2,238.334,238.147,CN1CC(C2=C(C1)C(=CC=C2)N)C3=CC=CC=C3,29.3
349,4513,331.114,2,8,21,C12H21N5O2S2,331.453,331.114,CNC(=C[N+](=O)[O-])NCCSCC1=CSC(=N1)CN(C)C,140.0
219,4510,227.003,0,9,15,C3H5N3O9,227.085,227.003,C(C(CO[N+](=O)[O-])O[N+](=O)[O-])O[N+](=O)[O-],165.0
661,4507,360.132,1,7,26,C18H20N2O6,360.366,360.132,CCOC(=O)C1=C(NC(=C(C1C2=CC(=CC=C2)[N+](=O)[O-])C(=O)OC)C)C,110.0
704,4499,388.163,1,7,28,C20H24N2O6,388.42,388.163,CC1=C(C(C(=C(N1)C)C(=O)OCC(C)C)C2=CC=CC=C2[N+](=O)[O-])C(=O)OC,110.0
736,4497,418.174,1,8,30,C21H26N2O7,418.446,418.174,CC1=C(C(C(=C(N1)C)C(=O)OC(C)C)C2=CC(=CC=C2)[N+](=O)[O-])C(=O)OCCOC,120.0
450,4495,308.047,1,6,21,C13H12N2O5S,308.308,308.047,CS(=O)(=O)NC1=C(C=C(C=C1)[N+](=O)[O-])OC2=CC=CC=C2,110.0
783,4494,385.127,1,8,28,C19H19N3O6,385.376,385.127,CC1=C(C(C(=C(N1)C#N)C(=O)OC)C2=CC(=CC=C2)[N+](=O)[O-])C(=O)OC(C)C,134.0
515,4493,317.062,1,7,22,C12H10F3N3O4,317.224,317.062,CC1(C(=O)N(C(=O)N1)C2=CC(=C(C=C2)[N+](=O)[O-])C(F)(F)F)C,95.2
349,4488,282.062,2,7,20,C13H9F3N2O2,282.222,282.062,C1=CC(=CC(=C1)NC2=C(C=CC=N2)C(=O)O)C(F)(F)F,62.2
608,4485,346.116,1,7,25,C17H18N2O6,346.339,346.116,CC1=C(C(C(=C(N1)C)C(=O)OC)C2=CC=CC=C2[N+](=O)[O-])C(=O)OC,110.0
745,4476,556.159,0,12,41,C29H24N4O8,556.531,556.159,C1=CC(=CN=C1)C(=O)OCC(COC(=O)C2=CN=CC=C2)(COC(=O)C3=CN=CC=C3)COC(=O)C4=CN=CC=C4,157.0
681,4475,483.116,0,5,31,C24H26BrN3O3,484.394,483.116,CN1CC(CC2(C1CC3=CN(C4=CC=CC2=C34)C)OC)COC(=O)C5=CC(=CN=C5)Br,56.6
350,4472,298.143,3,4,22,C16H18N4O2,298.346,298.143,C1=CC=C(C=C1)CNC(=O)CCNNC(=O)C2=CC=NC=C2,83.1
246,4456,223.145,0,2,16,C12H19N2O2+,223.296,223.145,CN(C)C(=O)OC1=CC=CC(=C1)[N+](C)(C)C,29.5
649,4449,469.224,0,5,33,C25H32ClN5O2,470.014,469.224,CCC1=NN(C(=O)N1CCOC2=CC=CC=C2)CCCN3CCN(CC3)C4=CC(=CC=C4)Cl,51.6
483,4440,335.167,2,4,23,C17H25N3O2S,335.466,335.167,CNS(=O)(=O)CCC1=CC2=C(C=C1)NC=C2C3CCN(CC3)C,73.6
272,4436,210.116,1,1,16,C14H14N2,210.28,210.116,C1CN=C(N1)CC2=CC=CC3=CC=CC=C32,24.4
621,4428,341.163,2,5,25,C20H23NO4,341.407,341.163,C1CC1CN2CCC34C5C(=O)CCC3(C2CC6=C4C(=C(C=C6)O)O5)O,70.0
597,4419,357.194,3,5,26,C21H27NO4,357.45,357.194,C1CC(C1)CN2CCC34C5C(CCC3(C2CC6=C4C(=C(C=C6)O)O5)O)O,73.2
344,4411,309.194,4,5,22,C17H27NO4,309.406,309.194,CC(C)(C)NCC(COC1=CC=CC2=C1CC(C(C2)O)O)O,82.0
262,4409,228.115,0,2,17,C15H16O2,228.291,228.115,CC(=O)CCC1=CC2=C(C=C1)C=C(C=C2)OC,26.3
486,4272,320.126,2,6,23,C17H20O6,320.341,320.126,CC1=C(C(=C(C2=C1COC2=O)O)CC=C(C)CCC(=O)O)OC,93.1
725,4257,478.25,1,4,34,C28H35ClN4O,479.065,478.25,C1CCN2C(C1)NC(=O)C23CCN(CC3)CCCN4C5=CC=CC=C5CCC6=C4C=C(C=C6)Cl,38.8
494,4253,285.136,2,4,21,C17H19NO3,285.343,285.136,CN1CCC23C4C1CC5=C2C(=C(C=C5)O)OC3C(C=C4)O,52.9
302,4236,273.082,1,3,19,C15H15NO2S,273.35,273.082,C1=CC=C(C=C1)C(C2=CC=CC=C2)S(=O)CC(=O)N,79.4
262,4235,268.098,1,3,18,C13H17ClN2O2,268.741,268.098,C1COCCN1CCNC(=O)C2=CC=C(C=C2)Cl,41.6
571,4212,444.201,8,10,32,C22H28N4O6,444.488,444.201,C1=CC(=C2C(=C1NCCNCCO)C(=O)C3=C(C=CC(=C3C2=O)O)O)NCCNCCO,163.0
345,4205,265.158,0,3,20,C17H19N3,265.36,265.158,CN1CCN2C(C1)C3=CC=CC=C3CC4=C2N=CC=C4,19.4
329,4201,209.128,3,3,15,C9H15N5O,209.253,209.128,C1CCN(CC1)C2=NC(=N)N(C(=C2)N)O,88.9
316,4199,298.179,1,5,22,C17H22N4O,298.39,298.179,CC1=CC(=NN=C1NCCN2CCOCC2)C3=CC=CC=C3,50.3
419,4197,211.075,1,3,16,C12H9N3O,211.224,211.075,CC1=C(C=C(C(=O)N1)C#N)C2=CC=NC=C2,65.8
921,4196,429.267,1,3,32,C29H35NO2,429.604,429.267,CC#CC1(CCC2C1(CC(C3=C4CCC(=O)C=C4CCC23)C5=CC=C(C=C5)N(C)C)C)O,40.5
263,4195,254.127,3,5,18,C12H18N2O4,254.286,254.127,COC1=CC(=C(C=C1)OC)C(CNC(=O)CN)O,93.8
471,4192,325.078,0,3,23,C18H13ClFN3,325.771,325.078,CC1=NC=C2N1C3=C(C=C(C=C3)Cl)C(=NC2)C4=CC=CC=C4F,30.2
342,4184,264.163,0,2,20,C18H20N2,264.372,264.163,CN1CCN2C(C1)C3=CC=CC=C3CC4=CC=CC=C42,6.5
139,4178,179.131,1,2,13,C11H17NO,179.263,179.131,CC1=C(C(=CC=C1)C)OCC(C)N,35.2
275,4174,226.111,0,3,17,C14H14N2O,226.279,226.111,CC(C)(C1=CN=CC=C1)C(=O)C2=CN=CC=C2,42.8
215,4171,267.183,2,4,19,C15H25NO3,267.369,267.183,CC(C)NCC(COC1=CC=C(C=C1)CCOC)O,50.7
300,4168,299.14,2,4,20,C14H22ClN3O2,299.799,299.14,CCN(CC)CCNC(=O)C1=CC(=C(C=C1OC)N)Cl,67.6
578,4163,353.21,2,3,26,C21H27N3O2,353.466,353.21,CCC(CO)NC(=O)C1CN(C2CC3=CN(C4=CC=CC(=C34)C2=C1)C)C,57.5
550,4160,302.225,1,2,22,C20H30O2,302.458,302.225,CC12CCC(=O)C=C1CCC3C2CCC4(C3CCC4(C)O)C,37.3
754,4159,374.209,3,5,27,C22H30O5,374.477,374.209,CC1CC2C3CCC(C3(CC(C2C4(C1=CC(=O)C=C4)C)O)C)(C(=O)CO)O,94.8
249,4158,233.142,1,3,17,C14H19NO2,233.311,233.142,COC(=O)C(C1CCCCN1)C2=CC=CC=C2,38.3
246,4138,211.084,4,5,15,C10H13NO4,211.217,211.084,CC(CC1=CC(=C(C=C1)O)O)(C(=O)O)N,104.0
454,4120,318.171,1,4,23,C18H24NO4+,318.393,318.171,C[N+]1(C2CC(CC1C3C2O3)OC(=O)C(CO)C4=CC=CC=C4)C,59.1
75,4116,163.961,0,3,8,C3H4Cl2F2O,164.961,163.961,COC(C(Cl)Cl)(F)F,9.2
325,4114,216.042,0,4,16,C12H8O4,216.192,216.042,COC1=C2C(=CC3=C1OC=C3)C=CC(=O)O2,48.7
704,4112,454.171,5,12,33,C20H22N8O5,454.447,454.171,CN(CC1=CN=C2C(=N1)C(=NC(=N2)N)N)C3=CC=C(C=C3)C(=O)NC(CCC(=O)O)C(=O)O,211.0
419,4100,236.004,1,6,14,C5H8N4O3S2,236.264,236.004,CC(=O)N=C1N(N=C(S1)S(=O)(=O)N)C,139.0
346,4095,309.209,0,2,23,C21H27NO,309.453,309.209,CCC(=O)C(CC(C)N(C)C)(C1=CC=CC=C1)C2=CC=CC=C2,20.3
132,4091,129.101,3,1,9,C4H11N5,129.167,129.101,CN(C)C(=N)N=C(N)N,91.5
607,4090,403.226,1,3,30,C25H29N3O2,403.526,403.226,CN1CC(CC2C1CC3=CN(C4=CC=CC2=C34)C)CNC(=O)OCC5=CC=CC=C5,46.5
141,4087,167.095,3,3,12,C9H13NO2,167.208,167.095,CC(C(C1=CC(=CC=C1)O)O)N,66.5
177,4086,211.121,4,4,15,C11H17NO3,211.261,211.121,CC(C)NCC(C1=CC(=CC(=C1)O)O)O,72.7
502,4078,386.149,0,5,26,C21H26N2OS2,386.572,386.149,CN1CCCCC1CCN2C3=CC=CC=C3SC4=C2C=C(C=C4)S(=O)C,68.1
160,4075,153.043,3,4,11,C7H7NO3,153.137,153.043,C1=CC(=C(C=C1N)C(=O)O)O,83.6
398,4066,322.15,0,3,23,C20H22N2S,322.47,322.15,C1CN2CCC1C(C2)CN3C4=CC=CC=C4SC5=CC=CC=C53,31.8
310,4060,218.106,1,2,16,C12H14N2O2,218.256,218.106,CCC1(C(=O)N(C(=O)N1)C)C2=CC=CC=C2,49.4
276,4058,247.157,0,3,18,C15H21NO2,247.338,247.157,CCOC(=O)C1(CCN(CC1)C)C2=CC=CC=C2,29.5
240,4054,179.167,1,1,13,C12H21N,179.307,179.167,CC12CC3CC(C1)(CC(C3)(C2)N)C,26.0
265,4053,304.075,2,4,19,C13H18Cl2N2O2,305.199,304.075,C1=CC(=CC=C1CC(C(=O)O)N)N(CCCl)CCCl,66.6
628,4052,351.035,2,8,23,C14H13N3O4S2,351.395,351.035,CC1=CN=C(S1)NC(=C2C(=O)C3=CC=CC=C3S(=O)(=O)N2C)O,136.0
292,4044,241.11,2,3,18,C15H15NO2,241.29,241.11,CC1=C(C(=CC=C1)NC2=CC=CC=C2C(=O)O)C,49.3
321,4036,294.009,1,3,19,C14H10Cl2NO2-,295.139,294.009,CC1=C(C(=C(C=C1)Cl)NC2=CC=CC=C2C(=O)[O-])Cl,52.2
448,4034,390.186,0,2,28,C25H27ClN2,390.955,390.186,CC1=CC(=CC=C1)CN2CCN(CC2)C(C3=CC=CC=C3)C4=CC=C(C=C4)Cl,6.5
197,4032,167.167,1,1,12,C11H21N,167.296,167.167,CC1(C2CCC(C2)C1(C)NC)C,12.0
419,4020,284.072,1,2,20,C16H13ClN2O,284.743,284.072,C1CN2C(=N1)C3=CC=CC=C3C2(C4=CC=C(C=C4)Cl)O,35.8
339,4011,277.183,1,1,21,C20H23N,277.411,277.183,CNCCCC12CCC(C3=CC=CC=C31)C4=CC=CC=C24,12.0
1090,4008,610.279,1,9,45,C35H38N4O6,610.711,610.279,CC1=C(C(C(=C(N1)C)C(=O)OCCN2CCN(CC2)C(C3=CC=CC=C3)C4=CC=CC=C4)C5=CC(=CC=C5)[N+](=O)[O-])C(=O)OC,117.0
263,3966,234.21,0,2,17,C15H26N2,234.387,234.21,C1CCN2CC3CC(C2C1)CN4C3CCCC4,6.5
450,3964,327.114,0,3,23,C18H18ClN3O,327.812,327.114,CN1CCN(CC1)C2=NC3=CC=CC=C3OC4=C2C=C(C=C4)Cl,28.1
666,3962,404.256,1,5,29,C24H36O5,404.547,404.256,CCC(C)C(=O)OC1CC(C=C2C1C(C(C=C2)C)CCC3CC(CC(=O)O3)O)C,72.8
520,3961,422.162,2,5,30,C22H23ClN6O,422.917,422.162,CCCCC1=NC(=C(N1CC2=CC=C(C=C2)C3=CC=CC=C3C4=NNN=N4)CO)Cl,92.5
443,3958,320.012,2,3,21,C15H10Cl2N2O2,321.157,320.012,C1=CC=C(C(=C1)C2=NC(C(=O)NC3=C2C=C(C=C3)Cl)O)Cl,61.7
569,3957,382.145,0,3,27,C22H23ClN2O2,382.888,382.145,CCOC(=O)N1CCC(=C2C3=C(CCC4=C2N=CC=C4)C=C(C=C3)Cl)CC1,42.4
623,3954,477.231,2,2,34,C29H34ClN2O2+,478.053,477.231,CN(C)C(=O)C(CC[NH+]1CCC(CC1)(C2=CC=C(C=C2)Cl)O)(C3=CC=CC=C3)C4=CC=CC=C4,45.0
544,3938,338.211,2,2,25,C20H26N4O,338.455,338.211,CCN(CC)C(=O)NC1CN(C2CC3=CNC4=CC=CC(=C34)C2=C1)C,51.4
555,3932,391.168,0,3,30,C26H21N3O,391.474,391.168,C1=CC=C(C=C1)N2C3=CC=CC=C3C(C2=O)(CC4=CC=NC=C4)CC5=CC=NC=C5,46.1
378,3916,328.161,0,4,23,C19H24N2OS,328.474,328.161,CC(CN1C2=CC=CC=C2SC3=C1C=C(C=C3)OC)CN(C)C,41.0
681,3915,420.221,1,5,31,C26H29FN2O2,420.528,420.221,CC1CN(CCC1(C2=CC=CC=C2)C(=O)O)C3CCC(CC3)(C#N)C4=CC=C(C=C4)F,64.3
420,3902,285.101,0,4,22,C17H11N5,285.31,285.101,C1=CC(=CC=C1C#N)C(C2=CC=C(C=C2)C#N)N3C=NC=N3,78.3
526,3890,432.288,3,5,31,C26H40O5,432.601,432.288,CC(C)OC(=O)CCCC=CCC1C(CC(C1CCC(CCC2=CC=CC=C2)O)O)O,87.0
480,3883,369.076,1,8,25,C16H14F3N3O2S,369.362,369.076,CC1=C(C=CN=C1CS(=O)C2=NC3=CC=CC=C3N2)OCC(F)(F)F,87.1
242,3878,255.008,2,5,16,C9H7Cl2N5,256.09,255.008,C1=CC(=C(C(=C1)Cl)Cl)C2=C(N=C(N=N2)N)N,90.7
569,3873,431.188,1,7,30,C22H29N3O4S,431.551,431.188,C1CCN(CC1)CC2=CC(=NC=C2)OCC=CCNC(=O)CS(=O)CC3=CC=CO3,104.0
385,3869,328.179,4,4,24,C19H24N2O3,328.412,328.179,CC(CCC1=CC=CC=C1)NCC(C2=CC(=C(C=C2)O)C(=O)N)O,95.6
476,3827,309.119,0,3,22,C19H19NOS,309.427,309.119,CN1CCC(=C2C3=C(C(=O)CC4=CC=CC=C42)SC=C3)CC1,48.6
376,3826,255.09,1,3,19,C15H13NO3,255.273,255.09,C1CN2C(=CC=C2C(=O)C3=CC=CC=C3)C1C(=O)O,59.3
331,3825,254.094,1,3,19,C16H14O3,254.285,254.094,CC(C1=CC=CC(=C1)C(=O)C2=CC=CC=C2)C(=O)O,54.4
627,3822,395.165,1,5,29,C22H22FN3O3,395.434,395.165,C1CN(CCC1C(=O)C2=CC=C(C=C2)F)CCN3C(=O)C4=CC=CC=C4NC3=O,69.7
269,3821,237.092,1,2,16,C13H16ClNO,237.727,237.092,CNC1(CCCCC1=O)C2=CC=CC=C2Cl,29.1
685,3784,371.148,1,8,27,C19H21N3O5,371.393,371.148,CC1=C(C(C(=C(N1)C)C(=O)OC(C)C)C2=CC=CC3=NON=C32)C(=O)OC,104.0
187,3779,211.121,4,4,15,C11H17NO3,211.261,211.121,CC(C)NCC(C1=CC(=C(C=C1)O)O)O,72.7
102,3763,183.971,0,6,10,C3H2ClF5O,184.49,183.971,C(C(F)(F)F)(OC(F)F)Cl,9.2
254,3759,231.101,2,4,17,C12H13N3O2,231.255,231.101,CC1=CC(=NO1)C(=O)NNCC2=CC=CC=C2,67.2
1200,3750,586.279,1,8,43,C33H38N4O6,586.689,586.279,CCC1=C2C=C(C=CC2=NC3=C1CN4C3=CC5=C(C4=O)COC(=O)C5(CC)O)OC(=O)N6CCC(CC6)N7CCCCC7,113.0
682,3749,428.232,1,5,32,C25H28N6O,428.54,428.232,CCCCC1=NC2(CCCC2)C(=O)N1CC3=CC=C(C=C3)C4=CC=CC=C4C5=NNN=N5,87.1
164,3748,179.106,2,3,13,C9H13N3O,179.223,179.106,CC(C)NNC(=O)C1=CC=NC=C1,54.0
430,3746,332.223,1,3,24,C20H30NO3+,332.464,332.223,CC(C)[N+]1(C2CCC1CC(C2)OC(=O)C(CO)C3=CC=CC=C3)C,46.5
647,3743,790.87,7,8,32,C18H24I3N3O8,791.116,790.87,CC(=O)N(CC(CO)O)C1=C(C(=C(C(=C1I)C(=O)NCC(CO)O)I)C(=O)NCCO)I,180.0
714,3739,1139.512,4,6,34,C20H14I6N2O6,1139.767,1139.512,C1=C(C(=C(C(=C1I)NC(=O)CCCCC(=O)NC2=C(C=C(C(=C2I)C(=O)O)I)I)I)C(=O)O)I,133.0
277,3735,570.8,2,3,17,C11H12I3NO2,570.935,570.8,CCC(CC1=C(C(=C(C=C1I)I)N)I)C(=O)O,63.3
653,3730,820.88,8,9,34,C19H26I3N3O9,821.142,820.88,CC(=O)N(CC(CO)O)C1=C(C(=C(C(=C1I)C(=O)NCC(CO)O)I)C(=O)NCC(CO)O)I,200.0
414,3718,281.105,1,3,21,C17H15NO3,281.311,281.105,CC(C1=CC=C(C=C1)N2CC3=CC=CC=C3C2=O)C(=O)O,57.6
506,3715,357.077,1,4,25,C19H16ClNO4,357.79,357.077,CC1=C(C2=C(N1C(=O)C3=CC=C(C=C3)Cl)C=CC(=C2)OC)CC(=O)O,68.5
580,3702,365.06,2,5,24,C16H16ClN3O3S,365.832,365.06,CC1CC2=CC=CC=C2N1NC(=O)C3=CC(=C(C=C3)Cl)S(=O)(=O)N,101.0
291,3696,280.194,0,2,21,C19H24N2,280.415,280.194,CN(C)CCCN1C2=CC=CC=C2CCC3=CC=CC=C31,6.5
619,3693,405.19,2,7,29,C20H27N3O6,405.451,405.19,CCOC(=O)C(CCC1=CC=CC=C1)NC(C)C(=O)N2C(CN(C2=O)C)C(=O)O,116.0
218,3690,260.025,1,4,14,C7H15Cl2N2O2P,261.083,260.025,C1CN(P(=O)(OC1)NCCCl)CCCl,41.6
353,3689,325.204,2,3,24,C21H27NO2,325.452,325.204,CC(C(C1=CC=C(C=C1)O)O)N2CCC(CC2)CC3=CC=CC=C3,43.7
502,3686,338.209,1,5,24,C19H30O5,338.444,338.209,CC1=C(C(=O)C(=C(C1=O)OC)OC)CCCCCCCCCCO,72.8
912,3685,497.169,5,10,36,C26H27NO9,497.5,497.169,CC1C(C(CC(O1)OC2CC(CC3=C(C4=C(C(=C23)O)C(=O)C5=CC=CC=C5C4=O)O)(C(=O)C)O)N)O,177.0
228,3676,234.173,1,2,17,C14H22N2O,234.343,234.173,CCN(CC)CC(=O)NC1=C(C=CC=C1C)C,32.3
77,3675,136.1,2,2,10,C8H12N2,136.198,136.1,C1=CC=C(C=C1)CCNN,38.0
203,3672,206.131,1,2,15,C13H18O2,206.285,206.131,CC(C)CC1=CC=C(C=C1)C(C)C(=O)O,37.3
353,3661,289.168,1,4,21,C17H23NO3,289.375,289.168,CN1C2CCC1CC(C2)OC(=O)C(CO)C3=CC=CC=C3,49.8
376,3658,374.176,1,4,26,C21H27ClN2O2,374.909,374.176,C1CN(CCN1CCOCCO)C(C2=CC=CC=C2)C3=CC=C(C=C3)Cl,35.9
42,3657,76.027,3,2,5,CH4N2O2,76.055,76.027,C(=O)(N)NO,75.4
494,3648,285.136,1,4,21,C17H19NO3,285.343,285.136,CN1CCC23C4C1CC5=C2C(=C(C=C5)O)OC3C(=O)CC4,49.8
494,3639,296.964,3,7,17,C7H8ClN3O4S2,297.728,296.964,C1NC2=CC(=C(C=C2S(=O)(=O)N1)S(=O)(=O)N)Cl,135.0
150,3637,160.075,2,4,12,C8H8N4,160.18,160.075,C1=CC=C2C(=C1)C=NN=C2NN,63.8
340,3623,275.152,1,4,20,C16H21NO3,275.348,275.152,CN1C2CCC1CC(C2)OC(=O)C(C3=CC=CC=C3)O,49.8
417,3609,420.226,8,8,30,C22H32N2O6,420.506,420.226,C1=CC(=C(C=C1C(CNCCCCCCNCC(C2=CC(=C(C=C2)O)O)O)O)O)O,145.0
428,3608,236.116,1,3,17,C12H16N2O3,236.271,236.116,CC1(C(=O)NC(=O)N(C1=O)C)C2=CCCCC2,66.5
363,3599,407.316,0,4,27,C21H46NO4P,407.576,407.316,CCCCCCCCCCCCCCCCOP(=O)([O-])OCC[N+](C)(C)C,58.6
692,3592,369.158,0,6,27,C21H23NO5,369.417,369.158,CC(=O)OC1C=CC2C3CC4=C5C2(C1OC5=C(C=C4)OC(=O)C)CCN3C,65.1
60,3562,195.89,0,3,7,C2HBrClF3,197.379,195.89,C(C(F)(F)F)(Cl)Br,0.0
451,3559,375.14,1,4,26,C21H23ClFNO2,375.868,375.14,C1CN(CCC1(C2=CC=C(C=C2)Cl)O)CCCC(=O)C3=CC=C(C=C3)F,40.5
421,3547,291.104,1,5,20,C14H17N3O2S,291.369,291.104,C1CNCCN(C1)S(=O)(=O)C2=CC=CC3=C2C=CN=C3,70.7
256,3519,245.012,2,1,15,C9H9Cl2N3O,246.091,245.012,C1=CC(=C(C(=C1)Cl)CC(=O)N=C(N)N)Cl,81.5
167,3518,198.184,2,2,14,C10H22N4,198.314,198.184,C1CCCN(CCC1)CCN=C(N)N,67.6
442,3510,312.195,1,3,23,C18H24N4O,312.417,312.195,CN1C2CCCC1CC(C2)NC(=O)C3=NN(C4=CC=CC=C43)C,50.2
424,3494,318.207,1,3,23,C19H28NO3+,318.437,318.207,C[N+]1(CCC(C1)OC(=O)C(C2CCCC2)(C3=CC=CC=C3)O)C,46.5
746,3488,493.144,3,5,33,C23H28ClN3O5S,494.003,493.144,COC1=C(C=C(C=C1)Cl)C(=O)NCCC2=CC=C(C=C2)S(=O)(=O)NC(=O)NC3CCCCC3,122.0
895,3476,490.225,3,5,34,C24H34N4O5S,490.619,490.225,CCC1=C(CN(C1=O)C(=O)NCCC2=CC=C(C=C2)S(=O)(=O)NC(=O)NC3CCC(CC3)C)C,133.0
497,3475,323.13,2,4,22,C15H21N3O3S,323.411,323.13,CC1=CC=C(C=C1)S(=O)(=O)NC(=O)NN2CC3CCCC3C2,86.9
273,3463,250.157,1,3,18,C15H22O3,250.338,250.157,CC1=CC(=C(C=C1)C)OCCCC(C)(C)C(=O)O,46.5
426,3461,263.072,3,6,18,C9H11F2N3O4,263.201,263.072,C1=CN(C(=O)N=C1N)C2C(C(C(O2)CO)O)(F)F,108.0
301,3453,278.225,1,2,20,C18H30O2,278.436,278.225,CCCCCC=CCC=CCC=CCCCCC(=O)O,37.3
440,3449,287.152,1,4,21,C17H21NO3,287.359,287.152,CN1CCC23C=CC(CC2OC4=C(C=CC(=C34)C1)OC)O,41.9
162,3446,171.126,2,3,12,C9H17NO2,171.24,171.126,C1CCC(CC1)(CC(=O)O)CN,63.3
481,3440,330.008,3,7,21,C12H11ClN2O5S,330.739,330.008,C1=COC(=C1)CNC2=CC(=C(C=C2C(=O)O)S(=O)(=O)N)Cl,131.0
845,3419,562.293,0,7,39,C30H45NO7P-,562.664,562.293,CCC(=O)OC(C(C)C)OP(=O)(CCCCC1=CC=CC=C1)CC(=O)N2CC(CC2C(=O)[O-])C3CCCCC3,113.0
590,3408,302.188,1,3,22,C19H26O3,302.414,302.188,CC12CCC(=O)C(=C1CCC3C2CCC4(C3CCC4=O)C)O,54.4
327,3404,318.156,1,7,22,C15H21F3N2O2,318.34,318.156,COCCCCC(=NOCCN)C1=CC=C(C=C1)C(F)(F)F,56.8
590,3403,411.185,3,5,30,C24H26FNO4,411.473,411.185,CC(C)N1C2=CC=CC=C2C(=C1C=CC(CC(CC(=O)O)O)O)C3=CC=C(C=C3)F,82.7
984,3399,500.184,1,9,34,C25H31F3O5S,500.573,500.184,CCC(=O)OC1(C(CC2C1(CC(C3(C2CC(C4=CC(=O)C=CC43C)F)F)O)C)C)C(=O)SCF,106.0
352,3397,276.072,1,6,19,C11H11F3N2O3,276.215,276.072,CC(C)C(=O)NC1=CC(=C(C=C1)[N+](=O)[O-])C(F)(F)F,74.9
653,3396,475.244,1,5,35,C29H31F2N3O,475.584,475.244,C1CN(CCC12C(=O)NCN2C3=CC=CC=C3)CCCC(C4=CC=C(C=C4)F)C5=CC=C(C=C5)F,35.6
286,3394,244.09,1,3,18,C15H13FO2,244.265,244.09,CC(C1=CC(=C(C=C1)C2=CC=CC=C2)F)C(=O)O,37.3
540,3393,387.151,0,4,27,C21H23ClFN3O,387.883,387.151,CCN(CC)CCN1C(=O)CN=C(C2=C1C=CC(=C2)Cl)C3=CC=CC=C3F,35.9
630,3387,336.21,2,4,24,C20H29FO3,336.447,336.21,CC12CCC(=O)C=C1CCC3C2(C(CC4(C3CCC4(C)O)C)O)F,57.5
308,3386,309.134,1,5,22,C17H18F3NO,309.332,309.134,CNCCC(C1=CC=CC=C1)OC2=CC=C(C=C2)C(F)(F)F,21.3
199,3385,130.018,2,3,9,C4H3FN2O2,130.078,130.018,C1=C(C(=O)NC(=O)N1)F,58.2
960,3381,452.201,2,8,32,C24H30F2O6,452.495,452.201,CC1(OC2CC3C4CC(C5=CC(=O)C=CC5(C4(C(CC3(C2(O1)C(=O)CO)C)O)F)C)F)C,93.1
519,3380,313.086,0,5,23,C16H12FN3O3,313.288,313.086,CN1C(=O)CN=C(C2=C1C=CC(=C2)[N+](=O)[O-])C3=CC=CC=C3F,78.5
910,3379,434.21,2,7,31,C24H31FO6,434.504,434.21,CC1(OC2CC3C4CC(C5=CC(=O)C=CC5(C4C(CC3(C2(O1)C(=O)CO)C)O)C)F)C,93.1
487,3377,406.222,2,2,30,C26H28F2N2+2,406.521,406.222,C1C[NH+](CC[NH+]1CC=CC2=CC=CC=C2)C(C3=CC=C(C=C3)F)C4=CC=C(C=C4)F,8.9
544,3372,437.175,1,8,30,C22H26F3N3OS,437.525,437.175,C1CN(CCN1CCCN2C3=CC=CC=C3SC4=C2C=C(C=C4)C(F)(F)F)CCO,55.2
346,3371,281.066,2,6,20,C14H10F3NO2,281.234,281.066,C1=CC=C(C(=C1)C(=O)O)NC2=CC=CC(=C2)C(F)(F)F,49.3
367,3367,285.087,4,9,20,C10H12FN5O4,285.235,285.087,C1=NC2=C(N1C3C(C(C(O3)CO)O)O)N=C(N=C2N)F,140.0
500,3355,415.146,2,10,28,C17H21F6N2O3+,415.356,415.146,C1CCNC(C1)C[NH2+]C(=O)C2=C(C=CC(=C2)OCC(F)(F)F)OCC(F)(F)F,64.2
678,3350,372.278,2,2,27,C23H36N2O2,372.553,372.278,CC12CCC3C(C1CCC2C(=O)NC(C)(C)C)CCC4C3(C=CC(=O)N4)C,58.2
678,3348,501.288,3,5,37,C32H39NO4,501.667,501.288,CC(C)(C1=CC=C(C=C1)C(CCCN2CCC(CC2)C(C3=CC=CC=C3)(C4=CC=CC=C4)O)O)C(=O)O,81.0
391,3345,336.22,0,2,25,C22H28N2O,336.479,336.22,CCC(=O)N(C1CCN(CC1)CCC2=CC=CC=C2)C3=CC=CC=C3,23.6
318,3344,260.152,1,3,19,C15H20N2O2,260.337,260.152,C1CN(CCC12CNC(=O)O2)CCC3=CC=CC=C3,41.6
310,3343,303.147,5,5,22,C17H21NO4,303.358,303.147,CC(CC1=CC=C(C=C1)O)NCC(C2=CC(=CC(=C2)O)O)O,93.0
271,3342,242.094,1,3,18,C15H14O3,242.274,242.094,CC(C1=CC(=CC=C1)OC2=CC=CC=C2)C(=O)O,46.5
348,3340,306.09,4,3,21,C16H17ClNO3+,306.766,306.09,C1C[NH2+]CC(C2=CC(=C(C(=C21)Cl)O)O)C3=CC=C(C=C3)O,77.3
458,3339,360.113,0,4,25,C20H21ClO4,360.834,360.113,CC(C)OC(=O)C(C)(C)OC1=CC=C(C=C1)C(=O)C2=CC=C(C=C2)Cl,52.6
303,3336,315.199,1,1,24,C23H25N,315.46,315.199,CC(C1=CC=CC=C1)NCCC(C2=CC=CC=C2)C3=CC=CC=C3,12.0
614,3333,383.069,1,5,25,C18H19Cl2NO4,384.253,383.069,CCOC(=O)C1=C(NC(=C(C1C2=C(C(=CC=C2)Cl)Cl)C(=O)OC)C)C,64.6
246,3331,238.095,2,4,17,C11H14N2O4,238.243,238.095,C1=CC=C(C=C1)C(COC(=O)N)COC(=O)N,105.0
469,3325,337.045,4,8,20,C8H15N7O2S3,337.435,337.045,C1=C(N=C(S1)N=C(N)N)CSCCC(=NS(=O)(=O)N)N,238.0
568,3312,354.219,0,3,26,C23H30O3,354.49,354.219,CCOC(=O)C=C(C)C=CC=C(C)C=CC1=C(C(=C(C=C1C)OC)C)C,35.5
969,3310,588.184,3,13,42,C29H32O13,588.562,588.184,CC1OCC2C(O1)C(C(C(O2)OC3C4COC(=O)C4C(C5=CC6=C(C=C35)OCO6)C7=CC(=C(C(=C7)OC)O)OC)O)O,161.0
400,3308,287.152,2,3,21,C17H21NO3,287.359,287.152,CCC1=CC=CC2=C1NC3=C2CCOC3(CC)CC(=O)O,62.3
523,3303,313.168,1,4,23,C19H23NO3,313.397,313.168,CCOC1=C2C3=C(CC4C5C3(CCN4C)C(O2)C(C=C5)O)C=C1,41.9
188,3291,141.079,1,2,10,C7H11NO2,141.17,141.079,CCC1(CC(=O)NC1=O)C,46.2
322,3290,312.166,0,3,22,C19H24N2S,312.475,312.166,CCN(CC)C(C)CN1C2=CC=CC=C2SC3=CC=CC=C31,31.8
505,3285,296.178,2,2,22,C20H24O2,296.41,296.178,CC12CCC3C(C1CCC2(C#C)O)CCC4=C3C=CC(=C4)O,40.5
370,3278,302.011,1,4,19,C13H12Cl2O4,303.135,302.011,CCC(=C)C(=O)C1=C(C(=C(C=C1)OCC(=O)O)Cl)Cl,63.6
1220,3251,581.264,3,6,43,C33H35N5O5,581.673,581.264,CC1(C(=O)N2C(C(=O)N3CCCC3C2(O1)O)CC4=CC=CC=C4)NC(=O)C5CN(C6CC7=CNC8=CC=CC(=C78)C6=C5)C,118.0
378,3241,249.127,1,1,19,C16H15N3,249.317,249.127,C1C2C3=CC=CC=C3CC4=CC=CC=C4N2C(=N1)N,41.6
613,3231,400.189,2,6,29,C23H28O6,400.471,400.189,COC(=O)CCC=C=CCC1C(C(CC1=O)O)C=CC(COC2=CC=CC=C2)O,93.1
965,3230,470.34,2,4,34,C30H46O4,470.694,470.34,CC1(C2CCC3(C(C2(CCC1O)C)C(=O)C=C4C3(CCC5(C4CC(CC5)(C)C(=O)O)C)C)C)C,74.6
107,3226,183.971,0,6,10,C3H2ClF5O,184.49,183.971,C(C(OC(F)F)(F)F)(F)Cl,9.2
1450,3199,761.262,4,15,54,C39H43N3O11S,761.843,761.262,CC1=C(C(=C2C3C4C5C6=C(C(N4C(C(N3C)CC2=C1)O)COC(=O)C7(CS5)C8=CC(=C(C=C8CCN7)O)OC)C9=C(C(=C6OC(=O)C)C)OCO9)O)OC,194.0
594,3191,469.298,0,3,35,C32H39NO2,469.669,469.298,CC(C)(C)C1=CC=C(C=C1)C(=O)CCCN2CCC(CC2)OC(C3=CC=CC=C3)C4=CC=CC=C4,29.5
364,3182,254.102,2,5,18,C10H14N4O4,254.246,254.102,CN1C2=C(C(=O)N(C1=O)C)N(C=N2)CC(CO)O,98.9
628,3181,312.209,0,2,23,C21H28O2,312.453,312.209,CC(=O)C1CCC2C1(CCC3C2C=CC4=CC(=O)CCC34C)C,34.1
615,3168,379.17,1,4,28,C22H22FN3O2,379.435,379.17,C1CN(CC=C1N2C3=CC=CC=C3NC2=O)CCCC(=O)C4=CC=C(C=C4)F,52.6
363,3158,279.162,0,2,21,C19H21NO,279.383,279.162,CN(C)CCC=C1C2=CC=CC=C2COC3=CC=CC=C31,12.5
678,3157,451.186,1,9,33,C23H25N5O5,451.483,451.186,COC1=C(C=C2C(=C1)C(=NC(=N2)N3CCN(CC3)C(=O)C4COC5=CC=CC=C5O4)N)OC,112.0
534,3154,324.027,2,7,19,C10H16N2O4S3,324.428,324.027,CCNC1CC(S(=O)(=O)C2=C1C=C(S2)S(=O)(=O)N)C,151.0
510,3152,379.215,0,4,28,C24H29NO3,379.5,379.215,COC1=C(C=C2C(=C1)CC(C2=O)CC3CCN(CC3)CC4=CC=CC=C4)OC,38.8
655,3151,425.162,2,3,30,C22H24ClN5O2,425.917,425.162,C1CN(CCC1N2C3=C(C=C(C=C3)Cl)NC2=O)CCCN4C5=CC=CC=C5NC4=O,67.9
535,3148,324.147,1,4,24,C19H20N2O3,324.38,324.147,C1C2CC3CC(CC1N3CC2=O)OC(=O)C4=CNC5=CC=CC=C54,62.4
1660,3143,807.347,5,14,58,C43H53NO14,807.89,807.347,CC1=C2C(C(=O)C3(C(CC4C(C3C(C(C2(C)C)(CC1OC(=O)C(C(C5=CC=CC=C5)NC(=O)OC(C)(C)C)O)O)OC(=O)C6=CC=CC=C6)(CO4)OC(=O)C)O)C)O,224.0
211,3125,195.09,3,4,14,C10H13NO3,195.218,195.09,CC(CC1=CC=C(C=C1)O)(C(=O)O)N,83.6
93,3121,144.115,1,2,10,C8H16O2,144.214,144.115,CCCC(CCC)C(=O)O,37.3
201,3117,296.051,0,4,16,C10H20N2S4,296.524,296.051,CCN(CC)C(=S)SSC(=S)N(CC)CC,121.0
487,3116,416.242,0,4,30,C22H32N4O4+2,416.522,416.242,C[N+]1=CC=CC(=C1)OC(=O)N(C)CCCCCCN(C)C(=O)OC2=C[N+](=CC=C2)C,66.8
409,3114,339.231,1,3,25,C21H29N3O,339.483,339.231,CC(C)N(CCC(C1=CC=CC=C1)(C2=CC=CC=N2)C(=O)N)C(C)C,59.2
561,3108,504.317,4,12,36,C24H40N8O4,504.636,504.317,C1CCN(CC1)C2=NC(=NC3=C2N=C(N=C3N4CCCCC4)N(CCO)CCO)N(CCO)CCO,145.0
268,3103,281.178,0,2,21,C19H23NO,281.399,281.178,CN1CCC(CC1)OC(C2=CC=CC=C2)C3=CC=CC=C3,12.5
211,3100,255.162,0,2,19,C17H21NO,255.361,255.162,CN(C)CCOC(C1=CC=CC=C1)C2=CC=CC=C2,12.5
565,3075,415.169,1,5,29,C22H27N2O4S+,415.528,415.169,CC(=O)OC1C(SC2=CC=CC=C2N(C1=O)CC[NH+](C)C)C3=CC=C(C=C3)OC,85.6
727,3074,604.3,0,12,43,C31H44N2O10,604.697,604.3,COC1=CC(=CC(=C1OC)OC)C(=O)OCCCN2CCCN(CC2)CCCOC(=O)C3=CC(=C(C(=C3)OC)OC)OC,115.0
1160,3066,583.279,3,6,43,C33H37N5O5,583.689,583.279,CC1(C(=O)N2C(C(=O)N3CCCC3C2(O1)O)CC4=CC=CC=C4)NC(=O)C5CC6C(CC7=CNC8=CC=CC6=C78)N(C5)C,118.0
471,3063,301.168,1,4,22,C18H23NO3,301.386,301.168,CN1CCC23C4C1CC5=C2C(=C(C=C5)OC)OC3C(CC4)O,41.9
1450,3062,780.43,6,14,55,C41H64O14,780.949,780.43,CC1C(C(CC(O1)OC2C(OC(CC2O)OC3C(OC(CC3O)OC4CCC5(C(C4)CCC6C5CC(C7(C6(CCC7C8=CC(=O)OC8)O)C)O)C)C)C)O)O,203.0
1410,3061,764.435,5,13,54,C41H64O13,764.95,764.435,CC1C(C(CC(O1)OC2C(OC(CC2O)OC3C(OC(CC3O)OC4CCC5(C(C4)CCC6C5CCC7(C6(CCC7C8=CC(=O)OC8)O)C)C)C)C)O)O,183.0
311,3059,250.044,2,5,18,C13H8F2O3,250.201,250.044,C1=CC(=C(C=C1C2=C(C=C(C=C2)F)F)C(=O)O)O,57.5
286,3054,268.146,2,2,20,C18H20O2,268.356,268.146,CCC(=C(CC)C1=CC=C(C=C1)O)C2=CC=C(C=C2)O,40.5
326,3042,309.267,0,3,22,C19H35NO2,309.494,309.267,CCN(CC)CCOC(=O)C1(CCCCC1)C2CCCCC2,29.5
452,3038,303.915,2,6,16,C6H6Cl2N2O4S2,305.144,303.915,C1=C(C=C(C(=C1S(=O)(=O)N)Cl)Cl)S(=O)(=O)N,137.0
298,3032,294.009,1,3,19,C14H10Cl2NO2-,295.139,294.009,C1=CC=C(C(=C1)CC(=O)[O-])NC2=C(C=CC=C2Cl)Cl,52.2
387,3025,343.226,1,4,25,C20H29N3O2,343.471,343.226,CCCCOC1=NC2=CC=CC=C2C(=C1)C(=O)NCCN(CC)CC,54.5
360,3019,229.992,1,3,14,C8H7ClN2O2S,230.666,229.992,CC1=NS(=O)(=O)C2=C(N1)C=CC(=C2)Cl,66.9
403,3016,284.072,0,2,20,C16H13ClN2O,284.743,284.072,CN1C(=O)CN=C(C2=C1C=CC(=C2)Cl)C3=CC=CC=C3,32.7
370,3008,271.194,0,2,20,C18H25NO,271.404,271.194,CN1CCC23CCCCC2C1CC4=C3C=C(C=C4)OC,12.5
84,3007,135.105,1,1,10,C9H13N,135.21,135.105,CC(CC1=CC=CC=C1)N,26.0
267,2995,266.178,1,2,20,C18H22N2,266.388,266.178,CNCCCN1C2=CC=CC=C2CCC3=CC=CC=C31,15.3
439,2978,314.225,1,2,23,C21H30O2,314.469,314.225,CCCCCC1=CC2=C(C3C=C(CCC3C(O2)(C)C)C)C(=C1)O,29.5
649,2976,452.231,2,6,33,C26H32N2O5,452.551,452.231,CCOC(=O)C(CCC1=CC=CC=C1)NC(C)C(=O)N(CC(=O)O)C2CC3=CC=CC=C3C2,95.9
739,2973,560.353,6,9,39,C25H48N6O8,560.693,560.353,CC(=O)N(CCCCCNC(=O)CCC(=O)N(CCCCCNC(=O)CCC(=O)N(CCCCCN)O)O)O,206.0
202,2965,176.119,2,1,13,C10H14N3+,176.243,176.119,C1CN(CC2=CC=CC=C21)C(=N)[NH3+],54.7
960,2958,527.179,5,11,38,C27H29NO10,527.526,527.179,CC1C(C(CC(O1)OC2CC(CC3=C(C4=C(C(=C23)O)C(=O)C5=C(C4=O)C=CC=C5OC)O)(C(=O)C)O)N)O,186.0
536,2951,313.057,0,6,23,C14H9N4O5-,313.249,313.057,C1C(=O)N=C(N1N=CC2=CC=C(O2)C3=CC=C(C=C3)[N+](=O)[O-])[O-],127.0
677,2949,337.204,1,3,25,C22H27NO2,337.463,337.204,CC12CCC3C(C1CCC2(C#C)O)CCC4=CC5=C(CC34C)C=NO5,46.3
423,2913,287.167,0,1,22,C21H21N,287.406,287.167,CN1CCC(=C2C3=CC=CC=C3C=CC4=CC=CC=C42)CC1,3.2
758,2910,389.027,3,7,24,C14H16ClN3O4S2,389.869,389.027,C1C2CC(C1C=C2)C3NC4=CC(=C(C=C4S(=O)(=O)N3)S(=O)(=O)N)Cl,135.0
555,2866,354.194,2,4,26,C21H26N2O3,354.45,354.194,COC(=O)C1C(CCC2C1CC3C4=C(CCN3C2)C5=CC=CC=C5N4)O,65.6
740,2833,399.168,1,6,29,C22H25NO6,399.443,399.168,CC(=O)NC1CCC2=CC(=C(C(=C2C3=CC=C(C(=O)C=C13)OC)OC)OC)OC,83.1
653,2832,371.173,1,6,27,C21H25NO5,371.433,371.173,CNC1CCC2=CC(=C(C(=C2C3=CC=C(C(=O)C=C13)OC)OC)OC)OC,66.0
509,2828,299.152,1,4,22,C18H21NO3,299.37,299.152,CN1CCC23C4C1CC5=C2C(=C(C=C5)OC)OC3C(C=C4)O,41.9
432,2826,303.147,0,5,22,C17H21NO4,303.358,303.147,CN1C2CCC1C(C(C2)OC(=O)C3=CC=CC=C3)C(=O)OC,55.8
584,2818,326.13,1,4,23,C18H19ClN4,326.828,326.13,CN1CCN(CC1)C2=C3C=CC=CC3=NC4=C(N2)C=C(C=C4)Cl,30.9
381,2806,321.059,0,4,21,C16H16ClNO2S,321.819,321.059,COC(=O)C(C1=CC=CC=C1Cl)N2CCC3=C(C2)C=CS3,57.8
222,2803,229.017,2,1,14,C9H9Cl2N3,230.092,229.017,C1CN=C(N1)NC2=C(C=CC=C2Cl)Cl,36.4
491,2802,315.041,1,4,22,C15H10ClN3O3,315.713,315.041,C1C(=O)NC2=C(C=C(C=C2)[N+](=O)[O-])C(=N1)C3=CC=CC=C3Cl,87.3
346,2801,314.155,0,2,22,C19H23ClN2,314.857,314.155,CN(C)CCCN1C2=CC=CC=C2CCC3=C1C=C(C=C3)Cl,6.5
481,2800,405.186,0,2,29,C26H28ClNO,405.966,405.186,CCN(CC)CCOC1=CC=C(C=C1)C(=C(C2=CC=CC=C2)Cl)C3=CC=CC=C3,12.5
232,2796,242.071,0,3,16,C12H15ClO3,242.699,242.071,CCOC(=O)C(C)(C)OC1=CC=C(C=C1)Cl,35.5
233,2783,276.08,3,3,17,C12H18Cl2N2O,277.189,276.08,CC(C)(C)NCC(C1=CC(=C(C(=C1)Cl)N)Cl)O,58.3
376,2781,343.17,0,2,24,C21H26ClNO,343.895,343.17,CC(C1=CC=CC=C1)(C2=CC=C(C=C2)Cl)OCCC3CCCN3C,12.5
450,2780,373.156,2,4,26,C20H24ClN3O2,373.881,373.156,COC1=CC(=C(C=C1C(=O)NC2CCN(CC2)CC3=CC=CC=C3)Cl)N,67.6
581,2769,465.183,2,7,32,C23H29ClFN3O4,465.95,465.183,COC1CN(CCC1NC(=O)C2=CC(=C(C=C2OC)N)Cl)CCCOC3=CC=C(C=C3)F,86.0
333,2763,288.032,1,3,18,C13H14Cl2O3,289.152,288.032,CC(C)(C(=O)O)OC1=CC=C(C=C1)C2CC2(Cl)Cl,46.5
429,2761,368.225,0,2,28,C26H28N2,368.524,368.225,C1CN(CCN1CC=CC2=CC=CC=C2)C(C3=CC=CC=C3)C4=CC=CC=C4,6.5
296,2756,252.116,3,4,17,C10H16N6S,252.34,252.116,CC1=C(N=CN1)CSCCNC(=NC)NC#N,114.0
896,2752,492.19,1,8,36,C27H28N2O7,492.528,492.19,CC1=C(C(C(=C(N1)C)C(=O)OCC=CC2=CC=CC=C2)C3=CC(=CC=C3)[N+](=O)[O-])C(=O)OCCOC,120.0
608,2751,417.226,2,7,30,C22H31N3O5,417.506,417.226,CCOC(=O)C(CCC1=CC=CC=C1)NC2CCCN3CCCC(N3C2=O)C(=O)O,99.2
357,2747,262.147,1,1,20,C18H18N2,262.356,262.147,C1CN=C(N1)C2CC2(C3=CC=CC=C3)C4=CC=CC=C4,24.4
185,2733,168.993,1,2,11,C7H4ClNO2,169.564,168.993,C1=CC2=C(C=C1Cl)NC(=O)O2,38.3
564,2732,338.013,3,5,22,C14H11ClN2O4S,338.762,338.013,C1=CC=C2C(=C1)C(=O)NC2(C3=CC(=C(C=C3)Cl)S(=O)(=O)N)O,118.0
339,2726,318.096,0,3,21,C17H19ClN2S,318.863,318.096,CN(C)CCCN1C2=CC=CC=C2SC3=C1C=C(C=C3)Cl,31.8
249,2725,274.124,0,2,19,C16H19ClN2,274.792,274.124,CN(C)CCC(C1=CC=C(C=C1)Cl)C2=CC=CC=N2,16.1
532,2720,294.949,2,6,17,C7H6ClN3O4S2,295.712,294.949,C1=C2C(=CC(=C1Cl)S(=O)(=O)N)S(=O)(=O)N=CN2,135.0
580,2712,299.083,1,3,21,C16H14ClN3O,299.758,299.083,CN=C1CN(C(=C2C=C(C=CC2=N1)Cl)C3=CC=CC=C3)O,48.2
56,2707,163.92,2,2,7,C2H3Cl3O2,165.394,163.92,C(C(Cl)(Cl)Cl)(O)O,40.5
443,2678,388.155,1,5,27,C21H25ClN2O3,388.892,388.155,C1CN(CCN1CCOCC(=O)O)C(C2=CC=CC=C2)C3=CC=C(C=C3)Cl,53.0
620,2676,459.242,3,7,33,C26H34FNO5,459.558,459.242,CC(C)C1=C(C(=C(C(=N1)C(C)C)C=CC(CC(CC(=O)O)O)O)C2=CC=C(C=C2)F)COC,99.9
577,2662,381.076,1,7,26,C17H14F3N3O2S,381.373,381.076,CC1=CC=C(C=C1)C2=CC(=NN2C3=CC=C(C=C3)S(=O)(=O)N)C(F)(F)F,86.4
508,2585,406.189,3,5,30,C24H26N2O4,406.482,406.189,COC1=CC=CC=C1OCCNCC(COC2=CC=CC3=C2C4=CC=CC=C4N3)O,75.7
354,2583,292.179,3,4,21,C16H24N2O3,292.379,292.179,CC(C)(C)NCC(COC1=CC=CC2=C1CCC(=O)N2)O,70.6
156,2578,213.007,1,3,12,C5H9Cl2N3O2,214.046,213.007,C(CCl)NC(=O)N(CCCl)N=O,61.8
644,2569,321.132,1,7,23,C15H19N3O5,321.333,321.132,CC1=C(C(=O)C(=C(C1=O)N2CC2)C(COC(=O)N)OC)N3CC3,102.0
326,2554,236.095,1,1,18,C15H12N2O,236.274,236.095,C1=CC=C2C(=C1)C=CC3=CC=CC=C3N2C(=O)N,46.3
117,2551,147.113,1,2,10,C6H15N2O2+,147.198,147.113,C[N+](C)(C)CCOC(=O)N,52.3
244,2550,217.077,2,4,14,C9H15NO3S,217.283,217.077,CC(CS)C(=O)N1CCCC1C(=O)O,58.6
341,2548,305.199,2,3,22,C18H27NO3,305.418,305.199,CC(C)C=CCCCCC(=O)NCC1=CC(=C(C=C1)O)OC,58.6
660,2541,440.16,2,7,33,C24H20N6O3,440.463,440.16,CCOC1=NC2=CC=CC(=C2N1CC3=CC=C(C=C3)C4=CC=CC=C4C5=NNN=N5)C(=O)O,119.0
217,2537,152.12,0,1,11,C10H16O,152.237,152.12,CC1(C2CCC1(C(=O)C2)C)C,17.1
602,2536,398.159,2,6,29,C20H22N4O5,398.419,398.159,CN(C)C(=O)COC(=O)CC1=CC=C(C=C1)OC(=O)C2=CC=C(C=C2)N=C(N)N,137.0
743,2522,412.298,3,3,30,C27H40O3,412.614,412.298,CC(C=CC(C1CC1)O)C2CCC3C2(CCCC3=CC=C4CC(CC(C4=C)O)O)C,60.7
606,2520,454.283,0,6,33,C27H38N2O4,454.611,454.283,CC(C)C(CCCN(C)CCC1=CC(=C(C=C1)OC)OC)(C#N)C2=CC(=C(C=C2)OC)OC,64.0
293,2519,194.08,0,3,14,C8H10N4O2,194.194,194.08,CN1C=NC2=C1C(=O)N(C(=O)N2C)C,58.4
713,2512,451.295,2,4,33,C26H37N5O2,451.615,451.295,CCNC(=O)N(CCCN(C)C)C(=O)C1CC2C(CC3=CNC4=CC=CC2=C34)N(C1)CC=C,71.7
492,2487,327.22,2,3,24,C21H29NO2,327.468,327.22,C1CCC2(C3CC4=C(C2(C1)CCN3CC5CCC5)C=C(C=C4)O)O,43.7
294,2478,246.023,0,6,14,C6H14O6S2,246.292,246.023,CS(=O)(=O)OCCCCOS(=O)(=O)C,104.0
529,2477,385.248,0,6,28,C21H31N5O2,385.512,385.248,C1CCC2(C1)CC(=O)N(C(=O)C2)CCCCN3CCN(CC3)C4=NC=CC=N4,69.6
869,2476,467.304,2,5,34,C29H41NO4,467.65,467.304,CC(C)(C)C(C)(C1CC23CCC1(C4C25CCN(C3CC6=C5C(=C(C=C6)O)O4)CC7CC7)OC)O,62.2
242,2475,271.134,2,3,18,C14H22ClNO2,271.785,271.134,CC1=CC(=C(C=C1)Cl)OCC(CNC(C)(C)C)O,41.5
528,2471,364.109,3,7,25,C17H20N2O5S,364.416,364.109,CCCCNC1=C(C(=CC(=C1)C(=O)O)S(=O)(=O)N)OC2=CC=CC=C2,127.0
862,2462,430.236,2,6,31,C25H34O6,430.541,430.236,CCCC1OC2CC3C4CCC5=CC(=O)C=CC5(C4C(CC3(C2(O1)C(=O)CO)C)O)C,93.1
759,2460,469.136,2,11,32,C18H24N5O8P,469.391,469.136,CCCC(=O)NC1=NC=NC2=C1N=CN2C3C(C4C(O3)COP(=O)(O4)O)OC(=O)CCC,164.0
465,2451,391.95,0,4,22,C15H10BrClN4S,393.687,391.95,CC1=NN=C2N1C3=C(C=C(S3)Br)C(=NC2)C4=CC=CC=C4Cl,71.3
633,2449,354.183,1,4,26,C22H26O4,354.446,354.183,CC1=C(C(=O)C(=C(C1=O)C)C(CCCCCC(=O)O)C2=CC=CC=C2)C,71.4
451,2448,419.09,1,4,26,C21H23BrFNO2,420.322,419.09,C1CN(CCC1(C2=CC=C(C=C2)Br)O)CCCC(=O)C3=CC=C(C=C3)F,40.5
1230,2443,653.221,3,6,43,C32H40BrN5O5,654.606,653.221,CC(C)CC1C(=O)N2CCCC2C3(N1C(=O)C(O3)(C(C)C)NC(=O)C4CN(C5CC6=C(NC7=CC=CC(=C67)C5=C4)Br)C)O,118.0
308,2435,291.012,2,3,17,C11H10BrN5,292.14,291.012,C1CN=C(N1)NC2=C(C3=NC=CN=C3C=C2)Br,62.2
278,2405,325.225,2,5,23,C18H31NO4,325.449,325.225,CC(C)NCC(COC1=CC=C(C=C1)COCCOC(C)C)O,60.0
422,2381,311.225,1,2,23,C21H29NO,311.469,311.225,C1CCN(CC1)CCC(C2CC3CC2C=C3)(C4=CC=CC=C4)O,23.5
750,2375,430.061,2,9,29,C18H14F4N2O4S,430.374,430.061,CC(CS(=O)(=O)C1=CC=C(C=C1)F)(C(=O)NC2=CC(=C(C=C2)C#N)C(F)(F)F)O,116.0
140,2370,161.129,1,2,11,C7H17N2O2+,161.225,161.129,CC(C[N+](C)(C)C)OC(=O)N,52.3
286,2369,307.215,2,4,22,C18H29NO3,307.434,307.215,CC(C)NCC(COC1=CC=C(C=C1)CCOCC2CC2)O,50.7
83,2366,136.1,1,2,10,C8H12N2,136.198,136.1,CNCCC1=CC=CC=N1,24.9
659,2352,398.209,3,5,29,C24H30O5,398.499,398.209,CC#CCC(C)C(C=CC1C(CC2C1C3=C(O2)C(=CC=C3)CCCC(=O)O)O)O,87.0
382,2351,366.267,0,3,27,C24H34N2O,366.549,366.267,CC(C)COCC(CN(CC1=CC=CC=C1)C2=CC=CC=C2)N3CCCC3,15.7
340,2344,307.194,0,2,23,C21H25NO,307.437,307.194,CN1C2CCC1CC(C2)OC(C3=CC=CC=C3)C4=CC=CC=C4,12.5
151,2337,165.079,1,3,12,C9H11NO2,165.192,165.079,CCOC(=O)C1=CC=C(C=C1)N,52.3
588,2329,404.137,4,5,30,C23H20N2O5,404.422,404.137,C1=CC=C(C=C1)C(=O)NC(CC2=CC=C(C=C2)O)C(=O)NC3=CC=C(C=C3)C(=O)O,116.0
933,2324,505.221,1,8,37,C28H31N3O6,505.571,505.221,CC1=C(C(C(=C(N1)C)C(=O)OC2CCCN(C2)CC3=CC=CC=C3)C4=CC(=CC=C4)[N+](=O)[O-])C(=O)OC,114.0
740,2315,421.038,3,10,27,C15H14F3N3O4S2,421.409,421.038,C1=CC=C(C=C1)CC2NC3=C(C=C(C(=C3)C(F)(F)F)S(=O)(=O)N)S(=O)(=O)N2,135.0
619,2311,424.2,2,6,31,C24H28N2O5,424.497,424.2,CCOC(=O)C(CCC1=CC=CC=C1)NC2CCC3=CC=CC=C3N(C2=O)CC(=O)O,95.9
805,2308,408.17,3,5,28,C22H29ClO5,408.919,408.17,CC1CC2C3CCC4=CC(=O)C=CC4(C3(C(CC2(C1(C(=O)CO)O)C)O)Cl)C,94.8
191,2284,213.056,2,3,14,C10H12ClNO2,213.661,213.056,C1=CC(=CC=C1C(CC(=O)O)CN)Cl,63.3
558,2267,381.161,0,3,27,C22H24ClN3O,381.904,381.161,CN1CCCC(CC1)N2C(=O)C3=CC=CC=C3C(=N2)CC4=CC=C(C=C4)Cl,35.9
147,2266,188.105,2,4,13,C9H16O4,188.223,188.105,C(CCCC(=O)O)CCCC(=O)O,74.6
354,2265,277.038,1,7,19,C9H7N7O2S,277.262,277.038,CN1C=NC(=C1SC2=NC=NC3=C2NC=N3)[N+](=O)[O-],143.0
822,2250,558.253,4,6,41,C33H35FN2O5,558.65,558.253,CC(C)C1=C(C(=C(N1CCC(CC(CC(=O)O)O)O)C2=CC=C(C=C2)F)C3=CC=CC=C3)C(=O)NC4=CC=CC=C4,112.0
263,2249,266.163,3,4,19,C14H22N2O3,266.341,266.163,CC(C)NCC(COC1=CC=C(C=C1)CC(=O)N)O,84.6
599,2247,458.248,1,5,34,C28H31FN4O,458.581,458.248,COC1=CC=C(C=C1)CCN2CCC(CC2)NC3=NC4=CC=CC=C4N3CC5=CC=C(C=C5)F,42.3
212,2244,180.042,1,4,13,C9H8O4,180.159,180.042,CC(=O)OC1=CC=CC=C1C(=O)O,63.6
887,2232,508.247,5,8,35,C23H36N6O5S,508.638,508.247,CC1CCN(C(C1)C(=O)O)C(=O)C(CCCN=C(N)N)NS(=O)(=O)C2=CC=CC3=C2NCC(C3)C,189.0
374,2215,267.126,2,3,20,C17H17NO2,267.328,267.126,CN1CCC2=CC=CC3=C2C1CC4=C3C(=C(C=C4)O)O,43.7
314,2200,265.158,1,2,20,C17H19N3,265.36,265.158,C1CN=C(N1)CN(CC2=CC=CC=C2)C3=CC=CC=C3,27.6
282,2196,219.09,0,3,16,C12H13NO3,219.24,219.09,COC1=CC=C(C=C1)C(=O)N2CCCC2=O,46.6
456,2187,293.164,0,4,22,C17H19N5,293.374,293.164,CC(C)(C#N)C1=CC(=CC(=C1)CN2C=NC=N2)C(C)(C)C#N,78.3
601,2179,393.115,2,6,28,C21H19N3O3S,393.461,393.115,COC1=C(C=CC(=C1)NS(=O)(=O)C)NC2=C3C=CC=CC3=NC4=CC=CC=C42,88.7
647,2162,408.145,2,7,28,C20H25ClN2O5,408.879,408.145,CCOC(=O)C1=C(NC(=C(C1C2=CC=CC=C2Cl)C(=O)OC)C)COCCN,99.9
467,2161,298.095,2,6,22,C16H14N2O4,298.298,298.095,CC(C)C1=CC2=C(C=C1)OC3=NC(=C(C=C3C2=O)C(=O)O)N,103.0
331,2160,277.183,0,1,21,C20H23N,277.411,277.183,CN(C)CCC=C1C2=CC=CC=C2CCC3=CC=CC=C31,3.2
549,2159,369.172,2,6,25,C17H27N3O4S,369.48,369.172,CCN1CCCC1CNC(=O)C2=CC(=C(C=C2OC)N)S(=O)(=O)CC,110.0
547,2156,646.032,1,3,31,C25H30I2NO3+,646.328,646.032,CCCCC1=C(C2=CC=CC=C2O1)C(=O)C3=CC(=C(C(=C3)I)OCC[NH+](CC)CC)I,43.9
321,2145,232.121,2,3,17,C13H16N2O2,232.283,232.121,CCC1(CCC(=O)NC1=O)C2=CC=C(C=C2)N,72.2
391,2140,613.77,3,4,20,C11H9I3N2O4,613.916,613.77,CC(=O)NC1=C(C(=C(C(=C1I)C(=O)O)I)NC(=O)C)I,95.5
614,2131,536.268,2,2,36,C28H42Cl2N4O2+2,537.57,536.268,CC[N+](CC)(CCNC(=O)C(=O)NCC[N+](CC)(CC)CC1=CC=CC=C1Cl)CC2=CC=CC=C2Cl,58.2
144,2130,151.136,1,1,11,C10H17N,151.253,151.136,C1C2CC3CC1CC(C2)(C3)N,26.0
231,2119,249.173,2,3,18,C15H23NO2,249.354,249.173,CC(C)NCC(COC1=CC=CC=C1CC=C)O,41.5
434,2118,308.083,0,3,22,C17H13ClN4,308.769,308.083,CC1=NN=C2N1C3=C(C=C(C=C3)Cl)C(=NC2)C4=CC=CC=C4,43.1
442,2099,294.148,1,2,22,C17H18N4O,294.358,294.148,CC1=C(N=CN1)CN2CCC3=C(C2=O)C4=CC=CC=C4N3C,53.9
511,2092,389.206,2,8,28,C19H27N5O4,389.456,389.206,CN(CCCNC(=O)C1CCCO1)C2=NC3=CC(=C(C=C3C(=N2)N)OC)OC,112.0
257,2088,249.017,6,8,14,C4H13NO7P2,249.096,249.017,C(CC(O)(P(=O)(O)O)P(=O)(O)O)CN,161.0
227,2083,239.152,4,4,17,C13H21NO3,239.315,239.152,CC(C)(C)NCC(C1=CC(=C(C=C1)O)CO)O,72.7
1530,2008,811.342,4,16,58,C42H53NO15,811.878,811.342,CCC1(CC(C2=C(C1C(=O)OC)C=C3C(=C2O)C(=O)C4=C(C3=O)C=CC=C4O)OC5CC(C(C(O5)C)OC6CC(C(C(O6)C)OC7CCC(=O)C(O7)C)O)N(C)C)O,217.0
207,1996,190.108,1,4,13,C8H16NO4+,190.219,190.108,CC(=O)OC(CC(=O)O)[N+](C)(C)C,63.6
42,1990,75.032,2,2,5,C2H5NO2,75.067,75.032,CC(=O)NO,49.3
498,1989,324.114,2,4,22,C15H20N2O4S,324.395,324.114,CC(=O)C1=CC=C(C=C1)S(=O)(=O)NC(=O)NC2CCCCC2,101.0
297,1986,221.988,2,7,13,C4H6N4O3S2,222.237,221.988,CC(=O)NC1=NN=C(S1)S(=O)(=O)N,152.0
139,1983,151.063,2,2,11,C8H9NO2,151.165,151.063,CC(=O)NC1=CC=C(C=C1)O,49.3
185,1979,169.11,0,3,12,C9H15NO2,169.224,169.11,CC(=O)OC1CN2CCC1CC2,29.5
401,1978,336.205,3,5,24,C18H28N2O4,336.432,336.205,CCCC(=O)NC1=CC(=C(C=C1)OCC(CNC(C)C)O)C(=O)C,87.7
229,1935,198.116,1,2,15,C13H14N2,198.269,198.116,C1CCC2=NC3=CC=CC=C3C(=C2C1)N,38.9
350,1775,252.09,2,2,19,C15H12N2O2,252.273,252.09,C1=CC=C(C=C1)C2(C(=O)NC(=O)N2)C3=CC=CC=C3,58.2
655,1593,400.334,2,2,29,C27H44O2,400.647,400.334,CC(CCCC(C)(C)O)C1CCC2C1(CCCC2=CC=C3CC(CCC3=C)O)C,40.5
338,1546,285.063,3,7,19,C10H12ClN5O3,285.688,285.063,C1C(C(OC1N2C=NC3=C2N=C(N=C3N)Cl)CO)O,119.0
277,1302,230.094,1,3,17,C14H14O3,230.263,230.094,CC(C1=CC2=C(C=C1)C=C(C=C2)OC)C(=O)O,46.5
639,1234,484.294,0,7,35,C28H40N2O5,484.637,484.294,CC(C)C(CCCN(C)CCC1=CC(=C(C=C1)OC)OC)(C#N)C2=CC(=C(C(=C2)OC)OC)OC,73.2
990,1210,610.304,3,6,45,C37H42N2O6+2,610.751,610.304,C[NH+]1CCC2=CC(=C3C=C2C1CC4=CC=C(C=C4)OC5=C6C(CC7=CC(=C(C=C7)O)O3)[N+](CCC6=CC(=C5O)OC)(C)C)OC,81.8
95,1206,149.12,1,1,11,C10H15N,149.237,149.12,CC(CC1=CC=CC=C1)NC,12.0
161,1080,179.025,3,6,11,C5H9NO4S,179.19,179.025,C(C(C(=O)O)N)SCC(=O)O,126.0
147,942,162.116,0,2,12,C10H14N2,162.236,162.116,CN1CCCC1C2=CN=CC=C2,16.1
209,836,197.069,4,5,14,C9H11NO4,197.19,197.069,C1=CC(=C(C=C1CC(C(=O)O)N)O)O,104.0
241,823,258.111,3,6,16,C8H21NO6P+,258.231,258.111,C[N+](C)(C)CCOP(=O)(O)OCC(CO)O,96.2
119,723,116.011,2,4,8,C4H4O4,116.072,116.011,C(=CC(=O)O)C(=O)O,74.6
605,653,336.063,2,6,25,C19H12O6,336.299,336.063,C1=CC=C2C(=C1)C(=O)C(=C(O2)O)CC3=C(OC4=CC=CC=C4C3=O)O,93.1
205,610,194.043,5,7,13,C6H10O7,194.139,194.043,C1(C(C(OC(C1O)O)C(=O)O)O)O,127.0
383,596,243.086,4,5,17,C9H13N3O5,243.219,243.086,C1=CN(C(=O)N=C1N)C2C(C(C(O2)CO)O)O,129.0
271,587,211.036,4,6,13,C4H10N3O5P,211.114,211.036,CN(CC(=O)O)C(=NP(=O)(O)O)N,136.0
83,564,131.095,2,3,9,C6H13NO2,131.175,131.095,C(CCC(=O)O)CCN,63.3
247,444,239.108,1,2,16,C13H18ClNO,239.743,239.108,CC(C(=O)C1=CC(=CC=C1)Cl)NC(C)(C)C,29.1
133,338,138.032,2,3,10,C7H6O3,138.122,138.032,C1=CC=C(C(=C1)C(=O)O)O,57.5
87,247,117.079,0,2,8,C5H11NO2,117.148,117.079,C[N+](C)(C)CC(=O)[O-],40.1
911,143,473.166,7,9,34,C20H23N7O7,473.446,473.166,C1C(N(C2=C(N1)NC(=NC2=O)N)C=O)CNC3=CC=C(C=C3)C(=O)NC(CCC(=O)O)C(=O)O,216.0
